Theory,Authors,Citation,Summary,Main Mathematical Frameworks,Additional Info
Widom-Larsen Theory,V. I. Dubinko,2015-03-31,"The paper argues that discrete breathers (DBs) present the most natural and efficient way to produce correlation effects due to time-periodic modulation of the potential well width. This acts as breather nano-colliders (BNC) triggering LENR in solids. Tunneling probability for deuterium fusion in gap DBs is shown to increase drastically with increasing number of oscillations, resulting in the observed LENR rate at extremely low concentrations of DBs.  Note: The Quantum Fusion Hypothesis is explored through various mechanisms and models, focusing on the interaction of lattice vibrations, localized anharmonic vibrations, and quantum tunneling in enhancing nuclear fusion reactions.","Main Mathematical Frameworks: Electromagnetic Fields: The theory considers the interaction of localized condensed matter electromagnetic fields with surface electrons. Quantum Electrodynamics Processes: These processes are involved in shifting the densities of final states, leading to the production of ultra-low momentum neutrons. Weak Interaction Catalysis: This concept is central to the theory, describing the production of neutrons from protons capturing heavy electrons. Related Research Papers: Doubleclick or Enter to Edit Quantum Fusion Hypothesis The Quantum Fusion Hypothesis in the context of Low Energy Nuclear Reactions (LENR) is explored in the following works: A model for enhanced fusion reaction in a solid matrix of metal deuterides",
"Hydrino Theory The Hydrino Theory is related to the existence of electronic states of the hydrogen atom with a binding energy of more than 13.6 eV, known as hydrinos. Several works have explored this concept: A critical analysis of the hydrino model by  (2005): This paper investigates the theoretical basis for hydrinos, pointing out inconsistencies in the deterministic model and the incompatibility of hydrino states with quantum mechanics. The hydrino and other unlikely states by  (2006): This work discusses the tightly bound (hydrino) solution of the Klein-Gordon equation for the Coulomb potential in 3 dimensions and shows that these states are unphysical. On the hydrino state of the relativistic hydrogen atom by  (2005): This paper discusses the low-lying eigenstate of the hydrogen atom, called the hydrino state, with square integrable wavefunction, suggesting that it may be time to reconsider the hydrino state. Selective Atomic Heating in Plasmas: Implications for Quantum Theory by  (2008): This paper presents a new model of quantum mechanics, Classical Quantum Mechanics, predicting stable sizes of the hydrogen atom electron smaller than the standard ground state, called hydrinos. On the Existence of Additional (Hydrino) states in the Dirac equation by  (2015): This paper considers the existence of additional (hydrino) states in the Dirac equation, concluding that this additional solution must be ignored and restricted to normal (standard) solutions.",,,,,
"The Hydrino Theory has been a subject of debate and analysis, with various mathematical frameworks and interpretations.",,,,,
Resonant Nuclear Reaction Theory Resonant Nuclear Reaction Theory is a concept that has been explored in various contexts within nuclear physics. Here are some key papers that discuss different aspects of this theory: Phenomena of Time Resonances Explosions for the Compound-Clot Decays in High-Energy Nuclear Reactions,Boris Ivlev,2003,"This paper explores the concept of Euclidean resonance in quantum tunneling through an almost classical potential barrier. It discusses the stimulation of alpha decay by a proton, constituting a new type of nuclear reactions.",,
Field Theory of the d+t -> n+alpha Reaction Dominated by a 5He Unstable Particle*,"Lowell S. Brown, Gerald M. Hale",2013,"This paper presents an effective, non-relativistic field theory for the d+t -> n+alpha reaction, assuming that the reaction is dominated by an intermediate 5He* unstable spin 3/2+ resonance. It provides an excellent description of the d+t fusion process.",,
"Coherent Quantum Fluctuations Theory Coherent Quantum Fluctuations Theory doesn't seem to be directly related to LENR (Low Energy Nuclear Reactions), and the research found doesn't specifically address this theory in the context of LENR. However, here are some relevant papers that discuss quantum fluctuations and coherence:",,,,,
Semiclassical Gravity Theory and Quantum Fluctuations,"Ram Brustein, David H. Oaknin",2002-07-28,Shows that the vacuum state of weakly interacting quantum field theories can be described as a linear combination of randomly distributed incoherent paths that obey classical equations of motion. The paper also compares this formalism to the formalism of coherent states.,,
These papers provide insights into quantum coherence and fluctuations but do not specifically address LENR or the Coherent Quantum Fluctuations Theory in that context.,,,,,
Neutron Transfer Reaction Theory in LENR Neutron Transfer Reaction Theory is a subject of interest in the field of low-energy nuclear reactions (LENR). Here are some key papers and insights related to this theory: Analysis of multinucleon transfer reactions involving spherical and statically deformed nuclei using a Langevin-type approach,A. Bonaccorso,1998-09-02,This paper shows that the theory of neutron transfer to the continuum reactions is a useful tool to study different characteristics of the single-particle structure of nuclei. It discusses properties of single-particle resonances and the neutron breakup from weakly bound nuclei.,,
Bose-Einstein Condensate Theory in LENR Bose-Einstein Condensation from a Rotating Thermal Cloud: Vortex Nucleation and Lattice Formation,"Alexej Schelle, Thomas Wellens, Dominique Delande, Andreas Buchleitner",2010-08-04,"This paper describes the transition ofweakly interacting atoms into a Bose-Einstein condensate within a number-conserving quantum master equation theory. The authors derive a master equation for the condensate subsystem in the presence of the non-condensate environment under the inclusion of all two-body interaction processes. They numerically monitor the condensate particle number distribution during condensate formation and derive a condition under which the unique equilibrium steady state of a dilute, weakly interacting Bose-Einstein condensate is given by a Gibbs-Boltzmann thermal state ofnon-interacting atoms.",,
Plasma Oscillation Theory Plasma Oscillation Theory is a complex subject that has been explored in various contexts. Below are some key papers that discuss different aspects of this theory: Collective modes of the massless Dirac plasma,Maxim Dvornikov,,"This paper constructs the model of a long-lived plasma structure based on spherically symmetric oscillations of electrons in plasma. It studies the interaction between electrons participating in spherically symmetric oscillations and finds that this interaction can be attractive, leading to bound states.",,
Electron gas oscillations in plasma. Theory and applications,"S. D. Bergeson, R. L. Spencer",,"This paper uses cold plasma theory to calculate the response of an ultracold neutral plasma to an applied rf field. It simulates plasma oscillations in an expanding ultracold neutral plasma, providing insights into the assumptions used to interpret experimental data.",,
Quantum Mechanical Tunneling Theory in LENR Quantum Mechanical Tunneling Theory is a concept that has been explored in the context of Low Energy Nuclear Reactions (LENR). Here are some key research papers that delve into this theory: Quantum Tunneling in Breather Nano-colliders,"Xiaobo Guo, Bochen Lv, Jun Tao, Peng Wang",2016-09-22,This paper discusses quantum tunneling in deformed quantum mechanics with a minimal length. It derives a WKB connection formula through a turning point and uses it to calculate tunneling rates through potential barriers under the WKB approximation. The minimal length effects on quantum tunneling in nuclear and atomic physics are also discussed.,,
Nuclear Catalysis Theory Nuclear Catalysis Theory in the context of Low Energy Nuclear Reactions (LENR) has been explored in various studies. Here are some key papers that discuss this theory: Catalytic mechanism of LENR in quasicrystals based on localized anharmonic vibrations and phasons,Vladimir Dubinko,2014-06-16,"This paper proposes a new mechanism of LENR in solids based on large amplitude anharmonic lattice vibrations, known as discrete breathers (DBs). The paper also discusses possible ways of engineering the nuclear active environment based on this concept. The main mathematical frameworks in these studies include the Schwinger model, Schrodinger equation for a particle in a non-stationary double well potential, and the lattice version of the independent-particle model (IPM) of nuclear theory.",,
"Electroweak Theory in LENR Electroweak Theory is a fundamental concept in particle physics that unifies the electromagnetic and weak forces. It's not directly related to LENR, but some papers discuss various aspects of electroweak interactions. Below are some relevant papers:",,,,,
Varying Couplings in Electroweak Theory,Peter Morgan,2003-02-07,This paper suggests the structure of the electroweak theory by classical geometrical ideas. It constructs a nonlinear map from a 12-dimensional linear space of three Weyl spinors onto the 12-dimensional tangent bundle of the Stiefel manifold of orthonormal tetrads associated with the Lorentz group. The paper considers the electroweak field more natural than the Dirac field and suggests a path to bosonization of the electroweak field in (3+1) dimensions.,,
"Collective Effects Theory Collective Effects Theory in the context of LENR is not directly addressed in the available literature. However, there are some works related to collective effects in different scientific domains. Here are some of them:",,2019-11-21),This paper demonstrates a method to characterise the role of stochasticity directly from high-resolution time-series data of collective dynamics. It describes a method that enables connections between empirical data of animal (or cellular) collectives with the phenomenon of noise-induced states. It's worth noting that these papers do not directly relate to LENR but explore various aspects of collective effects in different scientific contexts.,,
"Nuclear Excitation by Electron Capture Theory The Nuclear Excitation by Electron Capture (NEEC) theory explores the resonant process where a continuum electron is captured into a bound state of an ion, simultaneously exciting the nucleus. This theory has been investigated in various contexts, including heavy ions, laser-assisted nuclear excitation, and plasma environments.",,,,,
Theory of nuclear excitation by electron capture for heavy ions,"Adriana Pálffy, Zoltán Harman, Werner Scheid",2007,Investigates the resonant process of NEEC in heavy ion collision systems using a Feshbach projection operator formalism and a nuclear collective model.,,
Theory of Laser-Assisted Nuclear Excitation by Electron Capture,"Yuanbin Wu, Jonas Gunst, Christoph H. Keitel, Adriana Pálffy",2017,"Investigates optimal parameters for NEEC in plasma environments generated by ultra-strong optical lasers, showing that experimental observation of nuclear excitation should be possible at current laser facilities.",,
Nuclear Excitation by Electron Transition Theory Nuclear Excitation by Electron Transition (NEET) is a process that has been explored in various contexts and theoretical models. Below are some key papers that discuss different aspects of this theory:,,,,,
Theory of the nuclear excitation by electron transition process near the K-edge by  (2006),,,This paper investigates the process of nuclear excitation by electron capture in plasma environments generated by ultra-strong optical lasers. The study considers the 4.85 keV nuclear excitation starting from the long-livedMo isomer.,,
Theory of nuclear excitation by electron capture for heavy ions by  (2007),,,This paper investigates the optimal parameters for nuclear excitation by electron capture in plasma environments generated by ultra-strong optical lasers. The study considers a 4.85 keV nuclear transition starting from the long-livedMo isomer.,,
Nuclear Isomer Theory,,,,,
"Nuclear Isomer Theory deals with the study of isomeric states in nuclei, which are long-lived excited nuclear states. Different types of nuclear isomers exist, including spin isomer, K isomer, seniority isomers, and ""shape and fission"" isomer. The theory has been explored in various contexts and has applications in nuclear science and technology. Nuclear isomers: structures and applications","G. Wendell Misch, Surja K. Ghorui, Projjwal Banerjee, Yang Sun, Matthew R. Mumpower",2020,This paper develops a method to compute thermally-mediated transition rates between the ground state and long-lived isomers in nuclei. It also establishes criteria for thermalization temperature and studies transitions in several isomers of likely astrophysical interest.,,
"Nuclear Lattice Energy Theory Nuclear Lattice Energy Theory is a complex approach that has been explored in various contexts. Here are some key papers that discuss different aspects of this theory: Nuclear Physics from Lattice Quantum Chromodynamics by  () - Published on 2015-10-07. This paper discusses the state-of-the-art Lattice QCD calculations of quantities of interest in nuclear physics, progress that is expected in the near future, and the anticipated impact. Lattice QCD and nuclear physics for searches of physics beyond the Standard Model by  () - Published on 2018-12-28. This paper explores how the interplay of Lattice QCD and nuclear Effective Field Theories can lead to improved predictions for low-energy experiments, with controlled uncertainties.",,,,,
"Nuclear Lattice Simulations with Chiral Effective Field Theory by  () - Published on 2004-02-23. This paper studies nuclear and neutron matter by combining chiral effective field theory with non-perturbative lattice methods, providing a realistic simulation of many-body nuclear phenomena with no free parameters. Proton-proton fusion in lattice effective field theory by  () - Published on 2014-11-10. This paper calculates the proton-proton fusion rate at low energy in a lattice effective field theory (EFT) formulation, treating the strong and the Coulomb interactions non-perturbatively.",,,,,
"Lattice effective field theory for nuclei from A = 4 to A = 28 by  () - Published on 2013-11-08. This paper presents an overview of the extension of Nuclear Lattice Effective Field Theory simulations to the regime of medium-mass nuclei, focusing on the determination of the ground-state energies of the alpha nuclei. The mathematical frameworks used in these studies include Quantum Chromodynamics (QCD), chiral effective field theory, and lattice methods. These approaches allow for the exploration of nuclear interactions, structure, and reactions at various energy levels and densities.",,,,,
Nuclear Magnetic Resonance Theory Nuclear Magnetic Resonance (NMR) Theory is a well-studied field with various applications and interpretations. Here are some key papers and insights related to this theory:,,,,,
Theory of Nuclear Magnetic Relaxation in Haldane Gap Antiferromagnets,"Jacob Sagi, Ian Affleck",1995,"A theory of NMR is developed for integer-spin, one-dimensional antiferromagnets, which exhibit the Haldane gap. Various approaches are considered, including free boson, free fermion, and non-linear sigma model, all of which give similar results. Detailed anisotropy and magnetic field dependence is calculated and compared with experiment.",,
Theory of NMR in semiconductor quantum point contact devices,"Shangwu Ding, Charles A. McDowell, Chaohui Ye, Mingsheng Zhan, Xiwen Zhu, Kelin Gao, Xianping Sun, Xi-An Mao, Maili Liu",2001,This paper shows that magic-angle spinning (MAS) solid state NMR spectroscopy is a promising technique for implementing quantum computing. The theory underlying the principles of quantum computing with nuclear spin systems undergoing MAS is formulated in the framework of formalized quantum Floquet theory.,,
Nuclear Resonance Theory in LENR Nuclear Resonance Theory in the context of Low Energy Nuclear Reactions (LENR) has been explored by various researchers. Here are some key papers and their summaries: Enhancement Mechanisms of Low Energy Nuclear Reactions,"F. A. Gareev, I. E. Zhidkova",2006-01-05,"The paper proposes a cooperative enhancement mechanism of LENR, where cooperative processes in the whole system can occur at smaller threshold energies. These processes can be induced and enhanced by low energy external fields.  Note: The specific Widom-Larsen Theory was not found in the collected research, and the above papers provide related concepts and mechanisms in the field of LENR.",,
Nuclear Spin Theory,Various authors have contributed to the development of Nuclear Spin Theory in different contexts.,"Citation: S. -I. Ando, Y. -H. Song, C. H. Hyun, K. Kubodera, , 2011. A. Deltuva, A. C. Fonseca, , 2010. Yutaro Iizawa, Daisuke Jido, Takatsugu Ishikawa, , 2022. C. R. Chinn, Ch. Elster, R. M. Thaler, S. P. Weppner, , 1994. Jun Xu, Bao-An Li, Wen-Qing Shen, Yin Xia, , 2015.","Nuclear Spin Theory encompasses various studies and applications related to the spin of nucleons and its effects on nuclear reactions. Some key aspects include: Spin Polarization in Low Energies: This study focuses on the reaction ( \gamma d \to \vec{n}p ) for laboratory photon energy ranging from threshold to 30 MeV. The main goal is to calculate the neutron polarization and compare the results with experimental data. Polarization Observables in Deuteron-Deuteron Scattering: This research describes nucleon transfer reactions in low-energy deuteron-deuteron scattering, including the Coulomb interaction between protons. Charge Symmetry Breaking in the ( \Lambda N ) Interaction: This paper discusses charge symmetry breaking in the ( \Lambda N ) interaction and proposes reactions to investigate the ( \Lambda p ) and ( \Lambda n ) interactions at low energies. Multiple Scattering Theory in Nucleon-Nucleus Reactions: This work calculates the optical model potentials for nucleon-nucleus elastic scattering at 65 MeV for various nuclei, using first-order multiple scattering theory. Dynamical Effects of Spin-Dependent Interactions: This review summarizes the main physics motivations and recent progress in understanding spin dynamics and identifying spin-sensitive observables in heavy-ion reactions at intermediate energies.",Main Mathematical Frameworks:,
Pionless Effective Field Theory Momentum Space Equations,,,,,
Multiple Scattering Theory Time-Dependent Hartree-Fock Approach Transport Models,,,,,
"The Nuclear Spin Theory is a complex field that involves various mathematical and physical principles to understand the role of spin in nuclear reactions. It has applications in understanding nuclear structures, reactions, and dynamics, and continues to be an area of active research.",,,,,
Nuclear Structure Theory,,,,,
"Nuclear Structure Theory focuses on the understanding of the structure and behavior of atomic nuclei. It is a rapidly evolving field that extends towards regions of exotic short-lived nuclei far from stability, nuclear astrophysics applications, and bridging the gap between low-energy QCD and the phenomenology of finite nuclei. The main objective is to build a consistent microscopic theoretical framework that provides a unified description of bulk properties, nuclear excitations, and reactions. Key Papers and Authors by D. Vretenar (2004)",,,"Application of semiclassical periodic-orbit theory (POT) to the physics of nuclear structures, including the evolution of deformed shell structures and the effect of the spin degree of freedom.",,
Nuclear Theory Nuclear Theory is a broad field that encompasses various aspects of nuclear physics. Here are some key papers and insights related to this theory: A Vision for Nuclear Theory: Report to NSAC,V. Somà,2018,"This article gives a concise account of the main developments in nuclear structure theory, from its origin in the 1930s to date, taking the modeling of inter-nucleon interactions as a guideline.",,
Nuclear Transfer Reaction Theory Nuclear Transfer Reaction Theory is a concept that has been explored in various contexts within nuclear physics. Here are some key papers that discuss different aspects of this theory: Transfer Reactions in Nuclear Astrophysics,"N. K. Timofeyuk, L. Moschini, M. Gómez-Ramos",2023-03-02,This paper points out the importance of a three-nucleon force in reactions with a loosely-bound projectile and studies its effects on nucleon transfer in various reactions.,,
"Nuclear Transmutation Theory The Nuclear Transmutation Theory encompasses various aspects of nuclear reactions and transformations. Several studies have explored different facets of this theory: Theories of Low Energy Nuclear Transmutations by Y. N. Srivastava, A. Widom, J. Swain (2012): This paper shows that low energy nuclear reactions can be induced by all four fundamental interactions, including gravitational, strong, electromagnetic, and weak. The differences are highlighted through the diversity in the rates and similarity through the nature of the nuclear reactions initiated by each. . Energetic Electrons and Nuclear Transmutations in Exploding Wires by A. Widom, Y. N. Srivastava, L. Larsen (2007): This study observes nuclear transmutations and fast neutrons emerging from large electrical current pulses passing through wire filaments. The nuclear reactions are explained as inverse beta transitions of energetic electrons absorbed by protons. The paper also discusses coherent collective motions of flowing electrons within a wire filament. . Transmutation prospect of long-lived nuclear waste induced by high-charge electron beam from laser plasma accelerator by X. L. Wang et al. (2017): This paper demonstrates photo-transmutation of long-lived nuclear waste induced by high-charge relativistic electron beam from laser plasma accelerator. The study suggests that the laser-accelerated high-charge e-beam could be an efficient tool to transmute long-lived nuclear waste. . Transmutations and spectral parameter power series in eigenvalue problems by Vladislav V. Kravchenko, Sergii M. Torba (2012): This paper provides an overview of recent developments in Sturm-Liouville theory concerning operators of transmutation and spectral parameter power series. It introduces systems of recursive integrals and the SPPS approach, explaining applications to spectral problems with numerical illustrations. . The main mathematical frameworks involved in these studies include the understanding of fundamental interactions, inverse beta transitions, coherent collective motions, and spectral parameter power series.",,,,,
Nuclear Vibrational Energy Theory The Nuclear Vibrational Energy Theory is a concept that has been explored in various contexts within nuclear physics. Here are some key studies related to this theory: Incorporating nuclear vibrational energies into the -atom in molecules- analysis: An analytical study,"E. Litvinova, P. Ring, V. Tselyaev",2007,This paper extends the covariant density functional theory to include Particle-Vibration Coupling (PVC) in a consistent way. It calculates the low-lying collective vibrations in Relativistic Random Phase Approximation (RRPA) and constructs an energy-dependent self-energy for the Dyson equation.,,
Nuclear Wave Function Theory Nuclear Wave Function Theory is a complex subject that has been explored in various contexts. Below are some key research papers related to this theory: Nuclear Wave Functions for Spin and Pseudospin Partners,"P. J. Borycki, J. Ginocchio, W. Nazarewicz, M. Stoitsov",2003,This paper investigates the effects of pseudospin and spin symmetry breaking on the single nucleon wave functions in spherical nuclei. It applies both relativistic and non-relativistic self-consistent models as well as the harmonic oscillator model.,,
Light Front Nuclear Theory and the HERMES Effect,G. H. Rawitscher,1998,"This paper presents a wave-function framework for the theory of the (e,e'N) reaction. It includes virtual nuclear excitations and uses coupled channel equations in the usual Feynman matrix element. The main mathematical frameworks involved in these studies include relativistic mean field theory, light cone variables, group-theoretical decomposition, and variational calculations with different cluster widths.",,
Nuclear Weak Interaction Theory,,,,,
"Nuclear Weak Interaction Theory explores weak interactions in nuclear systems, particularly at low energies. It has been studied in various contexts, including astrophysical processes, two-nucleon systems, and charge-exchange excitations.",,,,,
Astrophysical Weak-Interaction Processes and Nuclear Effective Field Theory,"D. Vale, Y. F. Niu, N. Paar",2020,This paper investigates spin-isospin transitions in nuclei using the proton-neutron relativistic quasiparticle random phase approximation. It provides insight into weak interaction processes in stellar environments.,,
Parity-Violating Polarization inwith a Pionless Effective Field Theory,"J. W. Shin, S. Ando, C. H. Hyun",2009,This paper considers the two-nucleon weak interaction with a pionless effective field theory and applies the model to the calculation of a parity-violating observable in neutron-proton capture at threshold.,,
"Nucleon Cluster Model Theory The Nucleon Cluster Model Theory is a concept used in nuclear physics to describe the interactions and structure of nucleons (protons and neutrons) within a nucleus. Several research papers have explored this theory from different perspectives: A microscopic cluster model study ofHe+scatterings by K. Arai, S. Aoyama, Y. Suzuki (2008) : This study calculatesHe+scattering phase shifts in two different microscopic cluster models, Model T and Model C, to show the effects of tensor force and-wave components in the cluster wave function. Model T employs a realistic nucleon-nucleon potential and includes the-wave, whereas Model C considers the tensor-force effect to be renormalized into the central force. Nucleon clustering at kinetic freezeout of heavy-ion collisions via path-integral Monte Carlo by Dallas DeMartini, Edward Shuryak (2020) : This paper studies clustering of the four-nucleon system at kinetic freezeout conditions using path-integral Monte Carlo techniques. It provides estimates for decay probabilities of the 4N system into various light nuclei decay channels and characterizes the strength of spatial correlations. Ab initio coupled-cluster approach to nuclear structure with modern nucleon-nucleon interactions by G. Hagen, T. Papenbrock, D. J. Dean, M. Hjorth-Jensen (2010) : This research performs coupled-cluster calculations for various nuclei and employs both bare and secondary renormalized nucleon-nucleon interactions. It explores the validity of power counting estimates in medium-mass nuclei and the missing contributions due to three-nucleon forces. Nuclear Clustering in Fermionic Molecular Dynamics by Hans Feldmeier, Thomas Neff (2016) : This paper discusses the role of clustering in nuclear structure, especially for light nuclei in the-shell. It presents Fermionic Molecular Dynamics (FMD) as a microscopic many-body approach that includes clustering dynamically. Antisymmetrization in the Multicluster Dynamic Model of Nuclei and the Nucleon Exchange Effects by R. A. Eramzhyan, G. G. Ryzhikh, Yu. M. Tchuvil'sky (1997) : This paper proposes a modified version of the Multicluster Dynamic Model of nuclei to construct completely antisymmetrized wave functions of multicluster systems. It applies the model to six-nucleon systems and calculates various static and dynamic characteristics. The mathematical frameworks used in these studies include microscopic cluster models, path-integral Monte Carlo techniques, coupled-cluster calculations, and Fermionic Molecular Dynamics. The theory helps in understanding the clustering effects in nuclear structure and reactions.",,,,,
Nucleon Pairing Theory,,,,,
"The Nucleon Pairing Theory explores the pairing properties of nucleonic matter, including the off-shell propagation associated with short-range and tensor correlations. Several aspects of this theory have been studied by different researchers. Pairing in Nuclei by Wojciech Satula (): This paper discusses simple generic aspects of nuclear pairing in a homogeneous medium and finite nuclei. It argues that low-energy nuclear structure is not sensitive enough to resolve fine details of nuclear nucleon-nucleon (NN) interaction in general and pairing NN interaction in particular. This allows for regularization of the ultraviolet (high-momentum) divergences and a consistent formulation of effective superfluid local theory (). The BCS theory of q-deformed nucleon pairs - qBCS by S. Shelly Sharma, N. K. Sharma (): This paper constructs a coherent state of q-deformed zero coupled nucleon pairs distributed in several single-particle orbits. The study of Sn isotopes reveals a well-defined universe of (G, q) values, for which qBCS converges. The pairing correlations in N nucleon system increase with increasing q (for q real) (). Nuclear pairing from chiral pion-nucleon dynamics by N. Kaiser, T. Niksic, D. Vretenar (): This paper uses a recently improved version of the chiral nucleon-nucleon potential to calculate thepairing gap in isospin-symmetric nuclear matter. The inclusion of the two-pion exchange reduces substantially the cut-off dependence of thepairing gap (). Pairing properties of nucleonic matter employing dressed nucleons by H. Müther, W. H. Dickhoff (): This paper presents a survey of pairing properties of nucleonic matter that includes the off-shell propagation associated with short-range and tensor correlations. A huge reduction in the strength as well as temperature and density range of-pairing is obtained for nuclear matter as compared to the standard BCS treatment (). Nucleon-pair approximation with matrix representation by Y. Lei, Y. Lu, Y. M. Zhao (): This paper proposes an approach of the nucleon-pair approximation (NPA), in which the collective nucleon pairs are represented in terms of antisymmetric matrices. The present approach significantly simplifies the NPA computation and is formulated on the same footing with and without isospin ().",,,,,
Nucleon Transfer Reaction Theory The Nucleon Transfer Reaction Theory has been explored in various contexts and frameworks. Here are some key studies: Mass dispersion in transfer reactions with a stochastic mean-field theory,"Kazuyuki Sekizawa, Kazuhiro Yabana",2015,Investigates multinucleon transfer processes employing Time-dependent Hartree-Fock theory. A particle-number projection method is developed to calculate transfer probabilities and excitation energies.,,
Theory of doorway states for one-nucleon transfer reactions,"F. M. Nunes, A. Lovell, A. Ross, L. J. Titus, R. J. Charity, W. H. Dickhoff, M. H. Mahzoon, J. Sarich, S. M. Wild",2015,"Provides a summary of new developments in direct reaction theory with a focus on one-nucleon transfer reactions, discussing the effects of nonlocality in the optical potential.",,
"Nucleon Transmutation Theory The Nucleon Transmutation Theory encompasses a range of phenomena where nucleons (protons and neutrons) can be transformed into one another under various physical conditions. Several studies have explored different aspects of nucleon transmutation: Theories of Low Energy Nuclear Transmutations by Y. N. Srivastava, A. Widom, J. Swain (2012): This paper shows that low energy nuclear reactions can be induced by all four fundamental interactions, including gravitational, strong, electromagnetic, and weak forces. . Energetic Electrons and Nuclear Transmutations in Exploding Wires by A. Widom, Y. N. Srivastava, L. Larsen (2007): This study explains nuclear transmutations and fast neutrons emerging from large electrical current pulses passing through wire filaments. The nuclear reactions are explained as inverse beta transitions of energetic electrons absorbed by protons. . Photofission and Quasi-Deuteron-Nuclear State as Mixing of Bosons and Fermions by G. Kaniadakis, A. Lavagno, P. Quarati (1996): This paper theoretically justifies the empirical-phenomenological quasi-deuteron photofission description within the semiclassical, intermediate statistics model. . Fermion transmutation - a renormalization effect in gauge theory by S. T. Tsou, H. M. Chan (2000): This paper predicts a new category of phenomena where fermions of different flavours can transmute into one another as a consequence of the 'rotating' mass matrix due to renormalization. . Quantum mechanical description of excitation energy distribution of the reaction residue in nucleon-induced inclusive one-nucleon knockout reactions by Kazuyuki Ogata (2018): This paper focuses on understanding inclusive one-nucleon knockout reactions for long-lived fission fragments (LLFPs), crucial for nuclear transmutation studies. . The main mathematical frameworks vary across these studies, including semiclassical models, quantum mechanical descriptions, and gauge theory. The diversity in the rates and similarity in the nature of the nuclear reactions initiated by each interaction is a common theme across these works.",,,,,
Nucleon Vibrational Energy Theory,,,,,
"The Nucleon Vibrational Energy Theory explores the vibrational correlation energy and dynamics in nuclear systems. It has been studied in various contexts, including the pairing excitations of nuclei, the effects of meson-nucleon dynamics, and the temperature evolution of nuclear shell structure. Closed expression for the pair vibrational correlation energy of a uniform distribution of single-nucleon levels",Elena Litvinova,2011,"This paper describes the shell structure of open-shell nuclei in a fully self-consistent extension of the covariant energy density functional theory, including the shell evolution in superheavy isotopes.",,
"Nucleon Wave Function Theory The Nucleon Wave Function Theory has been explored in various contexts and models. Below are some key contributions: Covariant nucleon wave function with S, D, and P-state components","A. Kievsky, M. Viviani, L. E. Marcucci",2011,Bound-state-like wave functions are used to determine the scattering matrix corresponding to low energy N-d and p-^3He collisions. The construction of degenerate bound-state-like wave functions belonging to the continuum spectrum of the Hamiltonian is discussed.,,
Nucleon Weak Interaction Theory,,,,,
"The Nucleon Weak Interaction Theory explores weak interactions within the two-nucleon system at low energies, often within the framework of effective field theory. Several aspects of this theory have been studied, including the application of Effective Field Theory (EFT) to the Nucleon-Nucleon (NN) interaction, parity-violating observables in radiative neutron capture on a proton, and the quenching of weak interactions in nucleon matter. Chiral Symmetry and the Nucleon Nucleon Interaction by Keith G. Richardson, published in 2000, explores the application of EFT to the NN interaction, considering contributions beyond One Pion Exchange predicted by Chiral Symmetry.  . Hadronic weak interaction in the two-nucleon system with effective field theories by Shung-ichi Ando, Chang Ho Hyun, Jae Won Shin, published in 2010, reviews calculations of parity-violating observables in radiative neutron capture on a proton at threshold.  . Parity-violating polarization inwith a pionless effective field theory by J. W. Shin, S. Ando, C. H. Hyun, published in 2009, considers the two-nucleon weak interaction with a pionless effective field theory.  . Quenching of Weak Interactions in Nucleon Matter by S. Cowell, V. R. Pandharipande, published in 2002, calculates the one-body Fermi and Gamow-Teller charge-current, and vector and axial-vector neutral-current nuclear matrix elements in nucleon matter.  . Reduction of Weak Interaction Rates in Neutron Stars by Nucleon Spin Fluctuations: Degenerate Case by Georg Raffelt, Thomas Strobel, published in 1996, studies nucleon spin fluctuations in a dense medium and their effect on weak interaction rates.  .",,,,,
"The main mathematical frameworks involved in these studies include Effective Field Theory, Chiral Symmetry, and various calculations related to weak interactions, scattering, and spin fluctuations.",,,,,
Nucleus Cluster Model Theory,,,,,
The Nucleus Cluster Model Theory explores the possibility of certain clusters being the basic building blocks of medium mass nuclei. The theory has been discussed in various contexts and frameworks. The possibility ofC cluster as a building block of medium mass nuclei,"A. S. Botvina, N. Buyukcizmeci, M. Bleicher",,"This paper explores the production of baryonic clusters in central nucleus-nucleus collisions, considering the formation of primary diluted excited baryon clusters and their statistical decay. The paper also suggests a generalization of such a clusterization mechanism for hypernuclear matter. Mathematical Framework: Dynamical and statistical mechanisms",,
Nucleus Pairing Theory,,,,,
"The Nucleus Pairing Theory explores the pairing transition in nuclei, particularly focusing on the transition from superfluid to normal states. Several studies have investigated this phenomenon using different approaches and models. Thermodynamics of pairing transition for Odd-A nuclei","M. Bender, K. Rutz, P. -G. Reinhard, J. A. Maruhn",2000,"Discussed the pairing gap in chains of spherical, semi-magic nuclei using self-consistent nuclear mean-field models. The study compared experimental values for the pairing gap with calculations employing both a delta pairing force and a density-dependent delta interaction in the BCS and Lipkin-Nogami model.",,
Nucleus Transfer Reaction Theory Overview:,,,,,
"Nucleus Transfer Reaction Theory describes the process of transferring nucleons (protons or neutrons) between atomic nuclei during a nuclear reaction. It's essential in understanding nuclear reactions in both astrophysical and laboratory contexts. Relevant Authors, Research Papers, and Links: Neutron transfer reactions in halo effective field theory","D. Carbone, J. L. Ferreira, S. Calabrese, F. Cappuzzello, M. Cavallaro, A. Hacisalihoglu, H. Lenske, J. Lubian, R. I. Magana Vsevolodovna, E. Santopinto, C. Agodi, L. Acosta, D. Bonanno, T. Borello-Lewin, I. Boztosun, G. A. Brischetto, S. Burrello, D. Calvo, E. R. Chávez Lomelí, I. Ciraldo, M. Colonna, F. Delaunay, N. Deshmukh, P. Finocchiaro, M. Fisichella, A. Foti, G. Gallo, F. Iazzi, L. La Fauci, G. Lanzalone, R. Linares, N. H. Medina, M. Moralles, J. R. B. Oliveira, A. Pakou, L. Pandola, H. Petrascu, F. Pinna, S. Reito, G. Russo, O. Sgouros, S. O. Solakci, V. Soukeras, G. Souliotis, A. Spatafora, D. Torresi, S. Tudisco, A. Yildirin, V. A. B. Zagatto",2021-10-20,,,
Nucleus Transmutation Theory Overview:,,,,,
"Nucleus Transmutation Theory refers to the conversion of one chemical element or isotope into another through nuclear reactions. It's a subject of interest in nuclear physics and has applications in nuclear medicine and energy production. Relevant Authors, Research Papers, and Links: Theories of Low Energy Nuclear Transmutations","L. Maiani, A. D. Polosa, V. Riquer",2014-01-21,,,
Nucleus Vibrational Energy Theory Overview:,,,,,
"Nucleus Vibrational Energy Theory explores the vibrational motions within the nucleus, considering both collective excitations and interactions between nucleons. It has applications in understanding nuclear structure, reactions, and bonding properties. Relevant Authors, Research Papers, and Links: Incorporating nuclear vibrational energies into the -atom in molecules- analysis: An analytical study","V. I. Abrosimov, A. I. Levon",2019-12-23,,,
Nucleus Vibrational Energy Theory Overview:,,,,,
"Nucleus Vibrational Energy Theory explores the vibrational energy of atomic nuclei and its implications in nuclear physics. This theory has been instrumental in understanding collective excitations in nuclei and has applications in various fields such as molecular bonding and nuclear reactions. Relevant Authors, Research Papers, and Links: Incorporating nuclear vibrational energies into the -atom in molecules- analysis: An analytical study","V. I. Abrosimov, A. I. Levon",2019-12-23,,,
Nucleus Wave Function Theory Overview:,,,,,
"Nucleus Wave Function Theory deals with the mathematical description of the wave function of a nucleus, which encapsulates information about the quantum state of the system. This theory has applications in understanding nuclear structure, reactions, and interactions. Relevant Authors, Research Papers, and Links: New trial wave function for nuclear cluster structure of nuclei","R. Cenni, G. Vagradov",2005-04-01,,,
Nucleus Weak Interaction Theory Overview:,,,,,
"Nucleus Weak Interaction Theory focuses on the weak interaction processes within the nucleus, including beta-decay, electron capture, and neutrino-nucleus reactions. This theory has applications in astrophysics, dark matter detection, and understanding the fundamental forces in the nucleus. Relevant Authors, Research Papers, and Links: Modeling nuclear weak-interaction processes with relativistic energy density functionals","A. Botrugno, G. Co'",2004-09-20,,,
Particle Cluster Model Theory Overview:,,,,,
"Particle Cluster Model Theory explores the behavior of clusters of particles in various systems, including strongly correlated fermion systems, Janus fluids, and relativistic quantum mechanics. This theory has applications in condensed matter physics, statistical mechanics, and nuclear physics. Relevant Authors, Research Papers, and Links: Bond-dependent slave-particle cluster theory based on density matrix expansion",W. N. Polyzou,2003-02-11,,,
Particle Pairing Theory Overview:,,,,,
"Particle Pairing Theory explores the pairing behavior of fermions and other particles in various systems, including nuclear physics, mesoscopic superconductors, and strongly correlated fermion systems. This theory has applications in understanding ground state correlations, collective behavior, and the transition between mean field and pairing dominated regimes. Relevant Authors, Research Papers, and Links: Solving for the Particle-Number-Projected HFB Wavefunction","M. Sambataro, N. Sandulescu",2013-03-19,,,
A Number-Conserving Theory for Nuclear Pairing,"Denis Lacroix, Guillaume Hupin",2010-03-15,,,
Particle Transfer Reaction Theory Overview:,,,,,
"Particle Transfer Reaction Theory studies the transfer of particles between interacting systems, often within the context of nuclear reactions. This theory has applications in understanding nuclear dynamics, astrophysics, and the behavior of charged particles in various energy regimes. Relevant Authors, Research Papers, and Links: Particle transfer reactions with the time-dependent Hartree-Fock theory using a particle number projection technique","R. Yarmukhamedov, K. I. Tursunmakhatov, N. Burtebayev",2020-03-12,,,
Particle Transmutation Theory Overview:,,,,,
"Particle Transmutation Theory explores the transformation of one type of particle into another, such as fermions transmuting into different flavors. This theory has applications in quantum mechanics, gauge theory, electromagnetic fields, and the understanding of fundamental particle interactions. Relevant Authors, Research Papers, and Links: Fermion transmutation - a renormalization effect in gauge theory","K. Lechner, P. A. Marchetti",2000-10-31,,,
Particle Vibrational Energy Theory Overview:,,,,,
"Particle Vibrational Energy Theory explores the coupling between particles and vibrational modes within a system. This theory has applications in nuclear structure, quantum mechanics, and the understanding of single-particle dynamics influenced by collective vibrations. Relevant Authors, Research Papers, and Links: Particle vibrational coupling in covariant density functional theory","E. Litvinova, P. Ring",2006-05-24,,,
Mean-Field Theory for Fermion Pairs and the ab initio Particle-Vibration-Coupling Approach,Peter Schuck,2019-05-12,,,
Particle Wave Function Theory Overview:,,,,,
"Particle Wave Function Theory delves into the mathematical description of particles as wave functions. This theory is fundamental to quantum mechanics, exploring the probabilistic nature of particles, their interactions, and the relationship between particles and waves. Relevant Authors, Research Papers, and Links: Wave function as geometric entity",T. Yamazaki,2004-09-16,,,
Particle Weak Interaction Theory Overview:,,,,,
"Particle Weak Interaction Theory focuses on one of the four fundamental forces in nature, the weak force. This force is responsible for processes like beta decay in nuclear physics. The theory explores the interaction mechanisms, symmetry breaking, and the relationship with electroweak unification. Relevant Authors, Research Papers, and Links:",,,,,
Lectures on the Theory of the Weak Interaction,"Tobias Geiger, Andreas Buchleitner, Thomas Wellens",2013-07-18,,,
