File Name,Size,Date,Time
AdamenkoSexperiment.pdf,1.2M,2011-03-03,09:25
AdamenkoSthepossibl.pdf,386K,2011-03-03,09:25
AdzicRRtritiummea.pdf,257K,2011-03-03,09:25
AfonichevDaboutprodu.pdf,267K,2011-03-03,09:26
AfonichevDascendingd.pdf,130K,2018-12-20,11:04
AfonichevDhighfreque.pdf,154K,2023-05-11,15:32
AhernBSenergyloca.pdf,391K,2012-09-04,18:28
AinaRinvestigat.pdf,816K,2011-03-03,09:26
Alexandrovcoldfusion.pdf,56M,2019-04-24,14:59
Alexandrovheavyelect.pdf,342K,2011-03-03,09:26
AmbadkarAelectrolys.pdf,674K,2011-03-03,09:26
AminiFproduction.pdf,1.6M,2011-03-03,09:26
AminiFthestudyof.pdf,368K,2013-05-13,17:23
AndrianovBfulgurites.pdf,91K,2019-10-31,15:30
AndrianovBnaturallow.pdf,141K,2019-10-31,15:30
AndrianovBprobablemi.pdf,1.3M,2020-09-25,17:27
AndrianovBprobablepr.pdf,215K,2019-10-31,15:30
AngeloneMneutrondet.pdf,1.9M,2011-03-03,09:26
AokiTsearchforna.pdf,80K,2011-03-03,09:26
AokiTstudyofcon.pdf,396K,2011-03-03,09:26
ApicellaMmassspectr.pdf,4.4M,2011-03-03,09:27
ApicellaMreproducib.pdf,1.4M,2011-03-03,09:27
ApicellaMsomerecent.pdf,7.4M,2011-03-03,09:28
ApplebyAJanomalousc.pdf,648K,2011-03-03,09:28
ArapiAexperiment.pdf,264K,2011-03-03,09:28
ArataYanewenergy.pdf,641K,2011-03-03,09:28
ArataYanomalousd.pdf,13K,2011-03-03,09:28
ArataYanomalousda.pdf,548K,2012-11-16,16:20
ArataYanomalousp.pdf,940K,2011-03-03,09:28
ArataYdevelopmena.pdf,1.6M,2011-03-03,09:28
ArataYdevelopmenb.pdf,690K,2011-03-03,09:28
ArataYformationo.pdf,1.8M,2011-03-03,09:29
ArataYobservatio.pdf,69K,2011-03-03,09:29
ArataYproduction.pdf,2.6M,2011-03-03,09:29
Armacanquilatticeexp.pdf,1.0M,2023-05-11,15:32
Armacanquiplasticdef.pdf,1.4M,2023-05-11,15:32
Armacanquithedecreas.pdf,231K,2015-06-17,14:50
ARPAElowenergyn.pdf,176K,2022-02-01,17:24
AsamiNmaterialbe.pdf,1.6M,2011-03-03,09:29
AvinoPimpurityme.pdf,422K,2011-03-03,09:29
BacchiScoletanead.pdf,155K,2011-09-06,16:58
BarbieriGconcentrat.pdf,1.0M,2011-03-03,09:29
BarhamOhiverelect.pdf,2.0M,2022-02-01,15:27
BarnhartBtechnology.pdf,1.9M,2011-03-03,09:30
BassRWdoconjectu.pdf,304K,2012-04-16,16:37
BassRWexperiment.pdf,443K,2023-05-11,15:32
BassRWfivefrozen.pdf,135K,2011-03-03,09:30
BassRWgeneralize.pdf,161K,2012-04-16,16:36
BassRWonempirica.pdf,482K,2012-04-16,16:36
BassRWoptimallas.pdf,122K,2012-04-16,16:36
BassRWparmenters.pdf,261K,2011-03-03,09:30
BassRWtheonlycon.pdf,2.7M,2012-04-16,16:37
BassRWuntriedopt.pdf,346K,2012-04-16,16:36
BeaudetteCexcessheat.pdf,287K,2011-03-03,09:30
BeaudetteCresponseto.pdf,143K,2011-03-03,09:30
BeeneJcritiqueof.pdf,85K,2015-01-14,17:43
BeitingEinvestigat.pdf,2.3M,2018-06-15,09:59
BemporadEintegrated.pdf,15M,2011-03-03,09:32
BensonTcalorimetr.pdf,633K,2011-03-03,09:32
Bernardinianomalouse.pdf,1.1M,2011-03-03,09:32
BertalotLanalysisof.pdf,317K,2011-03-03,09:32
BiberianJPanupdateon.pdf,1.2M,2013-01-28,10:11
BiberianJPcoldfusiona.pdf,1.9M,2012-08-29,15:11
BiberianJPcommentsre.pdf,70K,2015-01-14,17:43
BiberianJPcondensedm.pdf,663K,2011-03-03,09:32
BiberianJPcondensedma.pdf,1.0M,2011-03-03,09:32
BiberianJPdeuteriumg.pdf,293K,2011-03-03,09:32
BiberianJPelectrolys.pdf,564K,2016-09-19,15:23
BiberianJPexcessheatc.pdf,2.5M,2013-05-02,10:24
BiberianJPexcessheatd.pdf,387K,2011-03-03,09:32
BiberianJPjcondensed.pdf,2.6M,2011-03-03,09:33
BiberianJPjcondenseda.pdf,2.9M,2011-03-03,09:33
BiberianJPjcondensedb.pdf,3.3M,2011-03-03,09:33
BiberianJPjcondensedc.pdf,15M,2014-09-13,17:29
BiberianJPjcondensedd.pdf,3.9M,2012-09-21,15:20
BiberianJPjcondensede.pdf,14M,2014-09-13,17:34
BiberianJPjcondensedf.pdf,375K,2012-09-21,15:13
BiberianJPjcondensedg.pdf,13M,2018-09-28,14:17
BiberianJPjcondensedh.pdf,3.0M,2012-09-21,15:18
BiberianJPjcondensedi.pdf,7.2M,2018-09-28,14:17
BiberianJPjcondensedj.pdf,3.3M,2013-04-23,09:45
BiberianJPjcondensedk.pdf,3.5M,2013-12-03,16:32
BiberianJPjcondensedl.pdf,28M,2016-12-09,10:31
BiberianJPjcondensedm.pdf,8.2M,2014-11-05,09:54
BiberianJPjcondensedn.pdf,24M,2018-01-18,14:46
BiberianJPjcondensedo.pdf,6.1M,2015-06-12,09:59
BiberianJPjcondensedp.pdf,8.9M,2015-09-29,13:59
BiberianJPjcondensedq.pdf,7.3M,2016-02-04,15:54
BiberianJPjcondensedr.pdf,26M,2016-12-19,17:03
BiberianJPjcondenseds.pdf,14M,2016-10-19,17:46
BiberianJPjcondensedt.pdf,7.5M,2016-11-16,09:42
BiberianJPjcondensedu.pdf,7.6M,2017-02-08,14:42
BiberianJPjcondensedv.pdf,6.9M,2017-05-22,14:47
BiberianJPjcondensedw.pdf,50M,2017-10-19,17:43
BiberianJPjcondensedx.pdf,13M,2018-09-03,11:33
BiberianJPjcondensedy.pdf,5.1M,2018-09-03,11:33
BiberianJPjcondensedz.pdf,8.4M,2018-11-07,13:56
BiberianJPjcondensedza.pdf,2.0M,2019-02-04,14:01
BiberianJPjcondensedzb.pdf,48M,2021-12-29,15:36
BiberianJPjcondensedzc.pdf,5.2M,2020-01-09,17:43
BiberianJPjcondensedzd.pdf,9.1M,2020-05-08,12:08
BiberianJPjcondensedze.pdf,1.5M,2020-05-08,12:08
BiberianJPjcondensedzf.pdf,80M,2020-08-26,15:07
BiberianJPjcondensedzg.pdf,11M,2022-02-12,21:49
BiberianJPjcondensedzh.pdf,11M,2022-03-10,11:29
BiberianJPjcondensedzi.pdf,86M,2022-11-14,14:40
BiberianJPpossiblero.pdf,507K,2012-08-29,15:12
BiberianJPrapportsur.pdf,73K,2011-03-03,09:33
BiberianJPunexplaine.pdf,160K,2011-03-03,09:33
BihlVexperiment,3.0M,new.pdf,2023-05-11
BihlVexperiment.pdf,3.3M,2014-07-08,10:52
BlloshmiHcoldfusion.pdf,215K,2019-04-24,14:57
BockrisJaccountabi.pdf,189K,2011-03-03,09:34
BockrisJdoestritiu.pdf,437K,2011-03-03,09:34
BockrisJearlycontr.pdf,368K,2011-03-03,09:34
BockrisJistheoccur.pdf,429K,2011-03-03,09:34
BockrisJthehistory.pdf,358K,2013-08-26,15:29
BockrisJtriggering.pdf,858K,2011-03-03,09:34
BockrisJtwozonesof.pdf,346K,2011-03-03,09:34
BottaEmeasuremena.pdf,410K,2011-03-03,09:34
BottaEsearchforh.pdf,450K,2011-03-03,09:34
BressaniTexoticnucl.pdf,1.4M,2011-03-03,09:34
BressaniTnuclearphy.pdf,183K,2011-03-03,09:34
BritzDcoldnuclea.pdf,3.3M,2018-09-27,17:50
BrownJenhancedlo.pdf,132K,2011-03-03,09:34
BushBFheliumprod.pdf,258K,2011-03-03,09:34
BushBFmethodsofg.pdf,291K,2011-03-03,09:34
BushBFtraceeleme.pdf,65K,2011-03-03,09:34
BushnellDfrontierso.pdf,850K,2023-05-11,15:32
BushnellDlenrandnas.pdf,331K,2012-09-04,18:28
CageKmemorandum.pdf,241K,2011-11-21,16:10
CammarotaGaflowcalor.pdf,54K,2011-03-03,09:34
CampariEGoverviewof.pdf,373K,2011-03-03,09:34
CampariEGphotonandp.pdf,456K,2011-05-09,10:52
CampariEGsurfaceana.pdf,484K,2011-03-03,09:34
CaneveLcharacteri.pdf,934K,2011-03-03,09:35
CantwellRpartialrep.pdf,268K,2011-03-03,09:35
CantwellRsearchforc.pdf,2.0M,2011-04-01,14:19
CantwellRsearchfore.pdf,5.0M,2012-04-18,14:31
CantwellRupdateonre.pdf,1.2M,2011-03-03,09:35
Carpinteripiezonucle.pdf,919K,2011-03-03,09:35
CaseLCcatalyticf.pdf,93K,2011-03-03,09:35
CastagnaEinteractio.pdf,3.1M,2011-03-03,09:35
CastagnaEmetallurgi.pdf,417K,2011-03-03,09:35
CastanoCHcalorimetr.pdf,222K,2011-03-03,09:35
Castellanonucleartra.pdf,380K,2011-03-03,09:35
CecilFEenergeticc.pdf,84K,2011-03-03,09:35
CecilFEmeasuremenb.pdf,193K,2011-03-03,09:35
CelaniFanupdateon.pdf,11M,2023-03-13,16:58
CelaniFcunimnallo.pdf,143K,2012-08-29,15:12
CelaniFcunimnalloa.pdf,1.0M,2012-08-29,16:16
CelaniFdeuteriumo.pdf,873K,2011-03-03,09:36
CelaniFdeuteronel.pdf,875K,2011-03-03,09:36
CelaniFeffectsofs.pdf,3.3M,2019-04-25,15:01
CelaniFelectrochea.pdf,352K,2011-03-03,09:36
CelaniFevidenceof.pdf,331K,2011-03-03,09:36
CelaniFevidenceofa.pdf,190K,2011-03-03,09:36
CelaniFexperiment.pdf,2.1M,2012-08-29,16:15
CelaniFexperimenta.pdf,12M,2013-07-04,13:15
CelaniFfurtherpro.pdf,2.0M,2013-08-28,17:18
CelaniFfurtherres.pdf,2.2M,2022-10-12,10:31
CelaniFhighhydrog.pdf,383K,2011-03-03,09:36
CelaniFimprovedun.pdf,938K,2013-12-02,14:18
CelaniFmeasuremena.pdf,1.6M,2011-03-03,09:36
CelaniFobservatio.pdf,603K,2017-08-14,13:29
CelaniFreproducib.pdf,628K,2011-03-03,09:36
CelaniFstudyofdeu.pdf,460K,2023-05-11,15:32
CelaniFsviluppodi.pdf,2.0M,2011-12-21,14:47
CelaniFtheeffecto.pdf,195K,2011-03-03,09:36
CelaniFthermaland.pdf,863K,2011-03-03,09:36
CelaniFtowardsahi.pdf,1.1M,2012-05-03,15:09
CelaniFtowardtheu.pdf,1.9M,2011-03-03,09:37
CelaniFunexpected.pdf,115K,2011-03-03,09:37
CellucciFxrayheatex.pdf,505K,2011-03-03,09:37
CerronZebainvestigat.pdf,1.5M,2011-03-03,09:37
ChaudharyIfourbodyrs.pdf,98K,2011-03-03,09:37
ChauvinNlenrpowere.pdf,2.5M,2012-09-04,18:21
ChechinVAcriticalre.pdf,638K,2011-03-03,09:37
ChenStheapplica.pdf,405K,2011-03-03,09:38
ChenStritiumpro.pdf,323K,2011-03-03,09:38
ChiceaDaboutdeute.pdf,19K,2011-03-03,09:38
ChiceaDcommentonc.pdf,645K,2011-03-03,09:38
ChiceaDelectroncl.pdf,32K,2011-03-03,09:38
ChiceaDexperimenta.pdf,38K,2011-03-03,09:38
ChiceaDlowintensi.pdf,43K,2011-03-03,09:38
ChiceaDoncurrentd.pdf,27K,2011-03-03,09:38
ChiceaDonneweleme.pdf,25K,2011-03-03,09:38
ChiceaDtheroleoft.pdf,15K,2011-03-03,09:38
ChienCConanelectr.pdf,903K,2022-10-17,16:21
ChoiEapplicatio.pdf,52K,2011-03-03,09:38
ChoiEsearchfort.pdf,51K,2011-03-03,09:38
ChubbSRcontextfor.pdf,341K,2011-03-03,09:38
ChubbSRconvention.pdf,318K,2017-05-26,15:31
ChubbSRdistribute.pdf,764K,2016-02-03,16:46
ChubbSRframeworkf.pdf,1.8M,2011-03-03,09:38
ChubbSRimpactofbo.pdf,89K,2011-03-03,09:38
ChubbSRintroducti.pdf,160K,2011-03-03,09:38
ChubbSRnuclearfus.pdf,583K,2016-02-03,16:46
ChubbSRnutsandbol.pdf,380K,2011-03-03,09:38
ChubbSRoreatorros.pdf,310K,2011-09-06,10:32
ChubbSRrelationsh.pdf,129K,2011-03-03,09:38
ChubbSRresonantel.pdf,1.9M,2023-05-11,15:33
ChubbSRtheoretica.pdf,265K,2011-03-03,09:38
ChubbSRtherossikw.pdf,116K,2011-03-22,16:39
ChubbSRwhyparticu.pdf,338K,2011-03-03,09:38
ChubbTAcoldfusion.pdf,465K,2011-03-03,09:39
ChubbTAdeuteridei.pdf,294K,2011-03-03,09:39
ChubbTAdeuteronfl.pdf,71K,2011-03-03,09:39
ChubbTAdfusionini.pdf,190K,2011-03-03,09:39
ChubbTAiblochions.pdf,159K,2011-03-03,09:39
ChubbTAiiiblochnu.pdf,46K,2011-03-03,09:39
ChubbTAiiinhibite.pdf,139K,2011-03-03,09:39
ChubbTAinhonorofy.pdf,1.0M,2011-03-03,09:39
ChubbTAinterfacem.pdf,69K,2011-03-03,09:39
ChubbTAlaboratory.pdf,111K,2011-03-03,09:39
ChubbTAlenrsuperf.pdf,152K,2011-03-03,09:39
ChubbTAmodelingth.pdf,259K,2011-03-03,09:39
ChubbTAovercoming.pdf,117K,2011-03-03,09:39
ChubbTAproduction.pdf,198K,2011-03-03,09:39
ChubbTAradiationl.pdf,464K,2011-03-03,09:39
ChubbTAtheddcoldf.pdf,97K,2011-03-03,09:39
ChubbTAtheionband.pdf,204K,2011-03-03,09:39
ChubbTAthreetypes.pdf,70K,2011-03-03,09:39
ChubbTAusefulness.pdf,23K,2011-03-03,09:39
Ciarlarielmuoncataly.pdf,107K,2019-04-24,14:57
CirilloDtransmutat.pdf,1.3M,2011-03-03,09:39
CisbaniEneutrondet.pdf,509K,2011-03-03,09:39
ClarkeACthecominga.pdf,133K,2011-03-03,09:39
ClarkeACtranscript.pdf,21K,2014-03-27,10:32
ClarkeTcommentont.pdf,329K,2015-06-17,14:50
ClaytorTNsearchfore.pdf,645K,2012-09-04,18:27
ClaytorTNtritiumgen.pdf,648K,2011-03-03,09:39
ClaytorTNtritiumpro.pdf,144K,2011-03-03,09:39
ClaytorTNtritiumprob.pdf,254K,2011-03-03,09:39
CookNmodelsofth.pdf,8.3M,2016-03-09,18:02
CookNthefccstru.pdf,4.2M,2011-03-03,09:40
CoreyJtripreport.pdf,352K,2011-03-03,09:40
CravensDcoldfusiona.pdf,588K,2013-09-25,10:02
CravensDfactorsaff.pdf,285K,2011-03-03,09:40
CravensDpracticalt.pdf,192K,2011-03-03,09:40
CravensDpracticalta.pdf,1.6M,2011-03-03,09:40
CravensDtheenablin.pdf,752K,2011-03-03,09:40
CrouchBakevariationo.pdf,7.0M,2015-05-20,14:26
CSSThearingbef.pdf,2.9M,2011-03-03,09:41
CzerskiKenhancemen.pdf,147K,2011-03-03,09:41
CzerskiKthehdphrea.pdf,309K,2011-03-03,09:41
DairakuTstudiesofn.pdf,174K,2011-03-03,09:41
DardikIexcessheat.pdf,6.0M,2011-03-03,09:41
DardikIintensific.pdf,408K,2011-03-03,09:41
DardikIprogressin.pdf,2.3M,2012-05-03,15:10
DardikIultrasonic.pdf,5.3M,2011-03-03,09:43
DashJchangesint.pdf,849K,2011-03-03,09:43
DashJcodepositi.pdf,429K,2011-03-03,09:43
DashJcoldfusion.pdf,2.3M,2011-03-03,09:43
DashJeffectsofg.pdf,286K,2011-03-03,09:43
DashJexcessheat.pdf,1.2M,2011-03-03,09:43
DashJiccftutori.pdf,5.0M,2011-03-03,09:44
DashJinteractio.pdf,643K,2016-04-22,14:35
DashJmicroanaly.pdf,307K,2011-03-03,09:44
DashJsurfacestu.pdf,323K,2011-03-03,09:44
DashJthequestfo.pdf,1.7M,2011-03-03,09:44
DavidFalternativ.pdf,8.0M,2018-06-18,13:22
DavidFselfpolari.pdf,638K,2011-03-03,09:44
Defkaliondefkaliong.pdf,524K,2011-07-11,10:43
DelGiudicearenuclear.pdf,67K,2011-03-03,09:44
DelGiudiceloadingofh.pdf,153K,2011-03-03,09:44
DelGiudiceproduction.pdf,242K,2011-03-03,09:44
DeNinnoAcoldfusion.pdf,278K,2011-03-03,09:44
DeNinnoAexperiment.pdf,1.7M,2011-03-03,09:45
DeNinnoAhedetectio.pdf,83K,2011-03-03,09:45
DiStefanoAexperiment.pdf,1.6M,2022-08-29,10:21
Dmitriyevacontrolofe.pdf,773K,2012-05-02,18:11
Dmitriyevaeffectofte.pdf,965K,2012-05-02,18:11
Dmitriyevamachinelea.pdf,1.7M,2015-05-08,15:12
Dmitriyevamechanisms.pdf,1.1M,2011-04-07,10:00
Dmitriyevaroleofdopa.pdf,739K,2015-04-24,16:43
DOEreportofth.pdf,36K,2011-03-03,09:45
DOEusdepartme.pdf,348K,2011-03-03,09:45
DolanTJanoutsider.pdf,60K,2011-03-03,09:45
DolanTJheavyelect.pdf,507K,2019-04-24,14:57
DolanTJnotesfromt.pdf,30K,2011-03-03,09:45
DominguezDanomalousr.pdf,4.4M,2012-10-26,14:34
DominguezDasummaryof.pdf,8.9M,2016-02-26,09:40
DominguezDtheeffecto.pdf,341K,2011-03-03,09:45
DufourJasimplecal.pdf,585K,2011-03-03,09:45
DufourJcoldfusiona.pdf,656K,2011-03-03,09:45
DufourJexperiment.pdf,929K,2011-03-03,09:45
DufourJhydrogentr.pdf,676K,2011-03-03,09:45
DufourJmeasuremen.pdf,362K,2011-03-03,09:45
DufourJthecmafwin.pdf,688K,2011-03-03,09:45
DuncanRanoutsider.pdf,1.9M,2011-03-03,09:45
DuncanRsearchfort.pdf,1.7M,2012-09-04,18:28
DunnJlenrmarket.pdf,1.2M,2012-09-04,18:27
ENEAabstracts.pdf,4.3M,2012-05-02,18:10
ENEAcoldfusion.pdf,8.7M,2016-08-29,10:12
ENEAfusionefre.pdf,5.3M,2016-08-29,10:11
ENECOtheseventh.pdf,81M,2018-11-26,13:19
EngvildKCtripledeut.pdf,1.1M,2011-03-03,09:47
EPRIdevelopmen.pdf,5.7M,2011-03-03,09:48
EPRIdevelopmena.pdf,593K,2011-03-03,09:48
EPRInsfepriwor.pdf,6.4M,2011-03-03,09:48
EPRIproceeding.pdf,7.1M,2011-03-03,09:50
EPRIproceedinga.pdf,7.0M,2018-09-18,12:38
EPRIproceedingb.pdf,3.8M,2011-03-03,09:51
EPRIproceedingc.pdf,8.1M,2018-09-24,10:57
EPRItraceeleme.pdf,65K,2014-11-05,09:54
ERABreportofth.pdf,2.1M,2011-03-03,09:53
EssenHexperiment.pdf,410K,2011-04-07,10:00
EvansABspacedirac.pdf,83K,2011-03-03,09:53
FauvarqueJabnormalex.pdf,142K,2011-03-03,09:53
FederTdoewarmsto.pdf,13K,2011-03-03,09:53
FilippovDeffectsofa.pdf,134K,2011-03-03,09:53
FisherJCoutlineofp.pdf,609K,2011-03-03,09:53
FisherJCpolyneutroa.pdf,73K,2011-03-03,09:53
FisherJCtheoryoflo.pdf,90K,2011-03-03,09:53
Fleischmananoverview.pdf,311K,2016-09-28,11:10
Fleischmanbackground.pdf,554K,2011-03-03,09:53
Fleischmancalorimetr.pdf,718K,2018-01-18,17:31
Fleischmancalorimetra.pdf,1.8M,2018-09-19,10:38
Fleischmancoldfusion.pdf,1.6M,2018-02-16,16:33
Fleischmancritiqueof.pdf,5.4M,2018-11-06,15:29
Fleischmanelectroche.pdf,168K,2018-02-28,16:39
Fleischmanexperiment.pdf,18M,2012-04-30,18:15
Fleischmanlettersfroa.pdf,70M,2022-12-01,21:13
Fleischmanpossibleth.pdf,187K,2011-03-03,09:53
Fleischmanreflection.pdf,701K,2011-03-03,09:53
Fleischmanreplytothe.pdf,103K,2018-01-11,11:02
Fleischmansearchingf.pdf,1.2M,2011-03-03,09:54
Fleischmantheinstrum.pdf,590K,2011-03-03,09:54
Fleischmanthepresent.pdf,317K,2018-12-10,14:11
Fleischmanthermalbeh.pdf,15M,2012-05-08,18:24
FocardiSanewenergy.pdf,122K,2011-03-03,09:54
FocardiSevidenceof.pdf,795K,2011-03-03,09:54
FocardiSlargeexces.pdf,154K,2011-03-03,09:54
ForsleyLnuclearpro.pdf,3.2M,2012-09-04,18:26
FouCinvestigat.pdf,43K,2011-03-03,09:54
FralickGClenratgrcp.pdf,2.1M,2012-05-23,13:39
FralickGClenratgrcpa.pdf,926K,2012-09-04,18:26
FralickGCresultsofa.pdf,439K,2011-03-03,09:54
Frattolillexperiment.pdf,121K,2011-03-03,09:54
FrazierCLupdatesonl.pdf,864K,2023-03-17,16:53
FreireLOpreliminar.pdf,2.5M,2022-10-14,15:28
FrenchDpatentsand.pdf,98K,2012-08-29,15:12
FrisoneFthecoulomb.pdf,322K,2011-03-03,09:54
FujiiMheatmeasur.pdf,248K,2011-03-03,09:54
GamberaleLfinaltechn.pdf,890K,2016-04-05,15:02
GamberaleLmeasuremen.pdf,408K,2011-03-03,09:54
GeorgeRthecoldfus.pdf,357K,2011-03-03,09:54
GerischerHiscoldfusi.pdf,60K,2011-03-03,09:54
GernertNnascenthyd.pdf,8.1M,2011-06-03,16:39
GimpelRmulticellr.pdf,619K,2011-03-03,09:54
GluckPunderstand.pdf,18K,2011-03-03,09:54
GodesRcontrolled.pdf,418K,2012-08-29,15:10
GodesRquantumfus.pdf,74K,2011-03-03,09:54
GoodsteinDwhateverha.pdf,143K,2011-03-03,09:54
GordonFlatticeene.pdf,4.1M,2021-01-24,16:22
GoryachevIabnormalre.pdf,25K,2011-03-03,09:54
GoryachevIorganizati.pdf,125K,2011-03-03,09:54
GoryachevIregistrati.pdf,565K,2011-03-03,09:54
GozziDxrayheatex.pdf,1.2M,2011-03-03,09:54
GrabowskiKevaluation.pdf,690K,2011-03-03,09:55
GrabowskiKrobustperf.pdf,303K,2011-05-12,10:16
GrimshawTcoldfusion.pdf,1.2M,2015-06-10,17:51
GrimshawTcoldfusiona.pdf,900K,2015-06-10,17:52
GrimshawTcoldfusionc.pdf,8.3M,2022-11-03,11:39
GrimshawTdocumentin.pdf,250K,2022-11-03,11:39
GrimshawTevidenceba.pdf,786K,2011-09-09,15:19
GrimshawTevidencebaa.pdf,574K,2015-06-10,17:51
GrimshawTevidencebab.pdf,34K,2015-06-10,17:51
GrimshawTintegrated.pdf,1.0M,2015-06-10,17:52
GrimshawTlenrresear.pdf,2.0M,2022-11-03,11:39
GrimshawTopensource.pdf,2.0M,2015-06-10,17:51
GrimshawTpolicyinte.pdf,1.6M,2018-05-08,16:22
GrimshawTpublicinte.pdf,163K,2011-03-03,09:55
GrimshawTpublicpoli.pdf,181K,2015-06-10,17:52
GrimshawTpublicpolia.pdf,532K,2015-06-10,17:52
GrimshawTverificati.pdf,608K,2015-06-10,17:52
GuruswamySmetallurgi.pdf,813K,2011-03-03,09:55
HagansPLsurfacecom.pdf,537K,2018-09-07,15:23
Hagelsteinaunifiedmoa.pdf,537K,2011-03-03,09:55
Hagelsteinconstraint.pdf,374K,2013-02-11,15:18
Hagelsteinexcitation.pdf,83K,2011-03-03,09:55
Hagelsteinforward.pdf,395K,2011-03-03,09:55
Hagelsteininputtothe.pdf,78K,2011-03-03,09:55
Hagelsteinmodelingex.pdf,1.1M,2011-03-03,09:55
Hagelsteinmodelingexa.pdf,1.7M,2012-09-04,18:24
Hagelsteinmodelingka.pdf,1.7M,2012-09-04,18:25
Hagelsteinmodelsfora.pdf,306K,2011-03-03,09:55
Hagelsteinmodelsrele.pdf,246K,2013-02-11,15:18
Hagelsteinnewphysica.pdf,3.4M,2019-01-08,17:13
Hagelsteinontheoryan.pdf,155K,2013-04-08,13:43
Hagelsteinprogresson.pdf,736K,2011-03-03,09:56
Hagelsteinresonanttu.pdf,694K,2011-03-03,09:56
Hagelsteinsummaryofi.pdf,393K,2011-03-03,09:56
Hagelsteinthermaltoe.pdf,273K,2011-03-03,09:56
Hagelsteinunifiedpho.pdf,347K,2011-03-03,09:56
HammSelectroche.pdf,1.5M,2015-04-24,16:43
HansenWNanalysisof.pdf,437K,2011-03-03,09:56
HansenWNpddcalorim.pdf,807K,2011-03-03,09:56
HansenWNreporttoth.pdf,1.4M,2011-03-03,09:56
HasegawaNobservatioa.pdf,1.1M,2011-03-03,09:56
HasvoldJcondensedm.pdf,1.6M,2022-01-22,17:31
Higashiyamreplicatio.pdf,665K,2011-03-03,09:56
HigginsRmodelingsi.pdf,3.0M,2018-06-12,09:58
HigginsRmodelingsia.pdf,2.5M,2018-06-12,09:58
HoraHlowenergyna.pdf,1.3M,2011-03-03,09:56
HoraHmaruhngrei.pdf,228K,2020-04-30,16:54
HoraHradiochemi.pdf,874K,2011-03-03,09:57
HoraHshrinkingo.pdf,133K,2011-03-03,09:57
HoraHsummaryabo.pdf,54K,2011-03-03,09:57
HublerGKanomalousea.pdf,962K,2011-03-03,09:57
HugginsRAdecrepitat.pdf,265K,2011-03-03,09:57
HugginsRAmaterialsa.pdf,701K,2011-03-03,09:57
HukeAaccelerato.pdf,1.5M,2011-03-03,09:57
HukeAenhancemen.pdf,612K,2011-03-03,09:57
HukeAevidencefo.pdf,112K,2011-03-03,09:57
IazziFcorrelated.pdf,260K,2011-03-03,09:57
ICCFabstracts.pdf,7.8M,2018-06-15,10:08
ICCFpostersfro.pdf,68M,2015-04-27,14:20
IgarashiJdevelopmen.pdf,1.1M,2020-05-14,15:52
IidaTdeuteronfua.pdf,838K,2011-03-03,09:57
IkegamiHbufferener.pdf,13K,2011-03-03,09:57
IkegamiHthirdinter.pdf,18M,2018-12-04,10:40
IkegamiHthirdintera.pdf,28M,2018-12-04,10:40
ISCMNSproceeding.pdf,8.9M,2018-08-29,17:17
IsobeYsearchforc.pdf,455K,2011-03-03,10:03
IsobeYsearchform.pdf,58K,2011-03-03,10:03
IwamuraYcorrelatio.pdf,1.0M,2011-03-03,10:03
IwamuraYdetectionoa.pdf,508K,2011-03-03,10:03
IwamuraYelementalaa.pdf,314K,2011-03-03,10:03
IwamuraYlowenergyn.pdf,1.0M,2011-03-03,10:04
IwamuraYnuclearpro.pdf,732K,2011-03-03,10:04
IwamuraYnuclidetra.pdf,1.6M,2011-03-03,10:04
IwamuraYobservatioa.pdf,596K,2011-03-03,10:04
IwamuraYobservatiob.pdf,1.1M,2011-03-03,10:04
IwamuraYobservatioc.pdf,2.4M,2011-03-03,10:04
IwamuraYobservatiod.pdf,638K,2011-03-03,10:05
IyengarPKcoldfusion.pdf,225K,2011-03-03,10:05
IyengarPKoverviewof.pdf,1.1M,2011-03-03,10:05
IyengarPKprefaceand.pdf,92K,2011-03-03,10:05
JayaramanKcoldfusion.pdf,32K,2011-03-03,10:05
JiangSnewresults.pdf,2.3M,2011-03-03,10:05
JiangSobservatio.pdf,559K,2011-03-03,10:05
JiangXanomalousn.pdf,100K,2011-03-03,10:05
JohnsonRweightofev.pdf,745K,2011-03-03,10:05
JonesSEchargedpar.pdf,372K,2011-03-03,10:05
JonesSEchasingano.pdf,84K,2011-03-03,10:05
JonesSEgeofusiona.pdf,310K,2011-03-03,10:05
JonesSEneutronemi.pdf,517K,2011-03-03,10:05
JosephsonBabstractfo.pdf,15K,2011-03-03,10:05
JosephsonBpathologic.pdf,851K,2011-03-03,10:05
KainthlaRCsporadicob.pdf,314K,2011-03-03,10:06
KalffPJenkeleexpe.pdf,2.2M,2014-07-08,10:53
KamadaKanomalousha.pdf,14K,2011-03-03,10:06
KamadaKelectronim.pdf,30K,2013-09-12,17:23
KanekoKcoldfusion.pdf,250K,2016-09-15,09:37
KarabutABanalysisof.pdf,818K,2011-03-03,10:06
KarabutABexcessheata.pdf,119K,2011-03-03,10:06
KarabutABexcessheatb.pdf,291K,2011-03-03,10:06
KarabutABexperiment.pdf,307K,2011-03-03,10:06
KarabutABexperimenta.pdf,497K,2011-03-03,10:06
KarabutABexperimentb.pdf,2.4M,2011-03-03,10:06
KarabutABnuclearpro.pdf,931K,2011-03-03,10:06
KarabutABpossiblenu.pdf,343K,2011-03-03,10:06
KarabutABproduction.pdf,667K,2011-03-03,10:06
KarabutABresearchin.pdf,412K,2013-08-30,14:17
KarabutABresearchina.pdf,1.0M,2011-03-03,10:07
KarabutABscientific.pdf,556K,2011-03-03,10:07
KarabutABstudyofene.pdf,2.0M,2011-03-03,10:07
KarabutABxrayemissi.pdf,222K,2011-03-03,10:07
KasagiJanomalousl.pdf,282K,2011-03-03,10:07
KasagiJcountryhis.pdf,47K,2011-03-03,10:07
KasagiJenergeticp.pdf,405K,2011-03-03,10:07
KasagiJlowenergyd.pdf,1.0M,2011-03-03,10:07
KasagiJlowenergyn.pdf,241K,2011-03-03,10:07
KasagiJmeasuremen.pdf,276K,2011-03-03,10:07
KasagiJscreeningp.pdf,206K,2011-03-03,10:07
KasagiJstronglyen.pdf,116K,2011-03-03,10:07
KasagiJstronglyena.pdf,697K,2011-03-03,10:07
KenneyFchargedpar.pdf,1.2M,2011-03-03,10:08
KenneyFneutronemi.pdf,632K,2011-03-03,10:08
KidwellDdoesgasloa.pdf,4.3M,2011-03-03,10:08
KidwellDtraceanaly.pdf,184K,2011-03-03,10:08
KimSOcharacteri.pdf,423K,2011-03-03,10:08
KimYEalternativ.pdf,129K,2011-03-03,10:08
KimYEboseeinste.pdf,1.3M,2011-03-03,10:08
KimYEcommentone.pdf,54K,2011-03-03,10:08
KimYEconvention.pdf,599K,2012-07-27,14:55
KimYEexperiment.pdf,314K,2011-03-03,10:08
KimYEgeneralize.pdf,103K,2011-07-11,10:43
KimYEmixturesof.pdf,82K,2011-03-03,10:08
KimYEnuclearrea.pdf,163K,2012-03-05,15:02
KimYEpossibleeva.pdf,156K,2011-03-03,10:08
KimYEproposalfo.pdf,114K,2011-03-03,10:09
KimYEquantumman.pdf,168K,2011-03-03,10:09
KimYEquantummana.pdf,183K,2011-03-03,10:09
KimYEreactionbaa.pdf,215K,2011-03-03,10:09
KimYEsurfacereab.pdf,321K,2011-03-03,10:09
KimYEtheoryoflo.pdf,119K,2011-03-03,10:09
KimYEunifyingth.pdf,269K,2011-03-03,10:09
Kirkinskiicalculatio.pdf,1.2M,2011-03-03,10:09
Kirkinskiicalculatioa.pdf,78K,2011-03-03,10:09
Kirkinskiiexperiment.pdf,125K,2011-03-03,10:09
Kirkinskiifusionreac.pdf,267K,2011-03-03,10:09
Kirkinskiinumercialc.pdf,90K,2011-03-03,10:09
KitamuraAanomalouse.pdf,316K,2011-03-03,10:09
KitamuraAcmnsresear.pdf,317K,2011-03-03,10:09
KitamuraAddptreacti.pdf,1.0M,2011-03-03,10:09
KitamuraAexcessheata.pdf,180K,2018-12-03,09:27
KitamuraAhydrogenis.pdf,1.0M,2011-04-19,15:05
KitamuraAinsituacce.pdf,181K,2011-03-03,10:09
KitamuraAmdemetalde.pdf,4.1M,2011-03-03,10:10
KitamuraAsearchforn.pdf,408K,2011-03-03,10:10
KleehausApotentiale.pdf,136K,2012-08-29,15:12
KniesDamethodtoc.pdf,8.3M,2015-04-24,16:42
KniesDinsituener.pdf,712K,2012-05-03,15:10
KojimaHprecisionm.pdf,1.1M,2011-03-03,10:11
KooistraJthealterna.pdf,127K,2011-03-03,10:11
KooistraJthealternaa.pdf,92K,2011-03-03,10:11
KopecekRexcessheat.pdf,857K,2011-03-03,10:11
KowalskiLchargedpar.pdf,266K,2011-03-03,10:11
KowalskiLcoldfusion.pdf,356K,2012-05-14,16:57
KowalskiLcommentson.pdf,305K,2011-03-03,10:11
KowalskiLhistoryofa.pdf,66K,2011-03-03,10:11
KowalskiLnuclearorn.pdf,44K,2011-03-03,10:11
KowalskiLonemission.pdf,688K,2011-03-03,10:11
KowalskiLpleasedona.pdf,58K,2011-03-03,10:11
KowalskiLrecentcold.pdf,82K,2011-03-03,10:11
KowalskiLsearchingfa.pdf,757K,2011-03-03,10:11
KowalskiLteachersde.pdf,168K,2011-03-03,10:11
KowalskiLthedilemma.pdf,138K,2011-03-03,10:11
KozimaHcfmatteran.pdf,598K,2011-03-03,10:11
KozimaHconsistent.pdf,152K,2011-03-03,10:11
KrakowskiRlessonslea.pdf,2.6M,2012-11-06,16:47
KrishnanMScoldfusion.pdf,423K,2011-03-03,10:11
KrishnanMSevidencefo.pdf,109K,2011-03-03,10:11
KrishnanMSobservatio.pdf,217K,2011-03-03,10:11
KrivitSanewlookat.pdf,3.5M,2011-03-03,10:12
KrivitSextraordin.pdf,1.4M,2011-03-03,10:12
KrivitShowcancold.pdf,175K,2011-03-03,10:12
KrivitShowcancolda.pdf,1.6M,2011-03-03,10:12
KrivitSorenascime.pdf,653K,2011-09-12,14:33
KrivitStherebirth.pdf,273K,2011-09-12,10:11
KubotaAproduction.pdf,245K,2011-03-03,10:12
KunimatsuKdeuteriuml.pdf,766K,2011-03-03,10:12
LANLworkshopon.pdf,10M,2019-09-25,14:38
LanzaFtritiumpro.pdf,145K,2011-03-03,10:12
Lautzenhiscoldfusion.pdf,568K,2012-01-09,16:12
Lautzenhisconstanthe.pdf,157K,2011-03-03,10:12
LawandyNMinteractio.pdf,142K,2011-03-03,10:12
LENRCANRthedoelies.pdf,87K,2011-03-03,10:12
LettsDcathodefab.pdf,20M,2018-06-13,17:00
LettsDlaserstimu.pdf,516K,2011-03-03,10:12
LettsDlaserstimua.pdf,935K,2011-03-03,10:13
LettsDstimulatio.pdf,517K,2011-03-03,10:13
LeviGindication.pdf,1.9M,2013-06-10,09:53
LeviGobservatio.pdf,3.3M,2014-10-08,14:16
LeviGreportonhe.pdf,1.4M,2011-08-11,09:34
LeviGtesteexper.pdf,871K,2011-09-23,10:46
LewisEcoldfusion.pdf,1.5M,2011-03-03,10:13
LewisEevidenceofb.pdf,29K,2011-03-03,10:13
LewisEmicroscopi.pdf,384K,2011-12-13,14:33
LewisEtheballlig.pdf,161K,2011-03-03,10:13
LewisEtheeightyy.pdf,29K,2011-03-03,10:13
LewisEtracesofba.pdf,1.7M,2012-03-05,15:03
LewisEtracksofba.pdf,1.2M,2011-03-03,10:13
LiawBYelevatedte.pdf,562K,2011-11-29,10:28
LietzHcondensedm.pdf,56K,2011-03-03,10:13
LietzHunbeachtet.pdf,408K,2011-03-03,10:13
LindleyDtheembarra.pdf,11K,2011-03-03,10:13
LipsonAGanomalouse.pdf,192K,2011-03-03,10:13
LipsonAGanomaloust.pdf,132K,2011-03-03,10:13
LipsonAGchargedpar.pdf,310K,2011-03-03,10:13
LipsonAGchargedpara.pdf,965K,2011-03-03,10:14
LipsonAGedgeplasma.pdf,943K,2011-03-03,10:14
LipsonAGevidencefob.pdf,1.1M,2011-03-03,10:14
LipsonAGevidenceofa.pdf,1.2M,2011-03-03,10:14
LipsonAGgenerationb.pdf,146K,2011-03-03,10:14
LipsonAGgenerationc.pdf,292K,2011-03-03,10:14
LipsonAGinsituchar.pdf,483K,2011-03-03,10:14
LipsonAGphenomenon.pdf,849K,2011-03-03,10:14
LipsonAGstrongenha.pdf,751K,2011-03-03,10:14
LipsonAGsurfacemor.pdf,1.4M,2011-03-03,10:14
LiuBtriggering.pdf,188K,2011-03-03,10:15
LiuBwavenature.pdf,1.3M,2011-03-03,10:15
LiXZachinesevi.pdf,98K,2011-03-03,10:15
LiXZanintroduc.pdf,231K,2011-03-03,10:15
LiXZcondensedm.pdf,79K,2011-03-03,10:15
LiXZcorrelatio.pdf,94K,2011-03-03,10:15
LiXZmultiplesc.pdf,139K,2011-03-03,10:15
LiXZpredictabi.pdf,92K,2011-03-03,10:15
LiXZprogressin.pdf,488K,2011-03-03,10:15
LiXZpumpingeff.pdf,198K,2011-03-03,10:15
LiXZreviewofcb.pdf,1.0M,2011-03-03,10:15
LiXZsuperabsor.pdf,226K,2011-03-03,10:15
LiXZthebigelep.pdf,172K,2015-01-14,17:43
LiXZtheprecurs.pdf,254K,2011-03-03,10:15
LiXZwavenature.pdf,653K,2011-03-03,10:15
LochakGlowenergyn.pdf,764K,2011-03-03,10:15
LomaxAdocumentat.pdf,3.4M,2022-11-03,11:39
LonchamptGexcessheat.pdf,425K,2011-03-03,10:15
LonchamptGexcessheata.pdf,255K,2011-03-03,10:15
LonchamptGreproducti.pdf,437K,2018-10-03,16:33
LuoNenhancemen.pdf,230K,2011-03-03,10:16
LuoNfirstprinc.pdf,279K,2011-03-03,10:16
LuoNinsituchar.pdf,56K,2011-03-03,10:16
LuoNmodelingof.pdf,285K,2011-03-03,10:16
MacyMdefkalionp.pdf,124K,2011-07-01,15:16
MacyMicccfinrom.pdf,446K,2011-03-03,10:16
MacyMspecificso.pdf,40K,2011-03-03,10:16
MaddoxJfarewellno.pdf,10K,2011-03-03,10:16
MalloveEalchemynig.pdf,418K,2011-03-03,10:16
MalloveEbookreview.pdf,168K,2011-03-03,10:16
MalloveEcarlsagana.pdf,246K,2011-03-03,10:16
MalloveEclassicnas.pdf,22K,2014-05-07,16:44
MalloveEcoldfusion.pdf,182K,2023-05-11,15:32
MalloveEcsicopscie.pdf,739K,2011-03-03,10:16
MalloveEethicsinth.pdf,258K,2011-03-03,10:16
MalloveEfirefromic.pdf,208K,2011-03-03,10:16
MalloveEhistoricpe.pdf,296K,2011-03-03,10:16
MalloveEintimation.pdf,698K,2011-03-03,10:16
MalloveElenrandcol.pdf,76K,2011-03-03,10:16
MalloveEmitspecial.pdf,728K,2011-03-03,10:17
MalloveEnewenergya.pdf,256K,2011-03-03,10:17
MalloveEprogressin.pdf,701K,2011-03-03,10:17
MalloveEreproducib.pdf,490K,2011-03-03,10:17
MalloveEthepseudos.pdf,209K,2011-03-03,10:17
MalloveEthetriumph.pdf,829K,2011-03-03,10:17
MariniPprotocollo.pdf,532K,2011-03-03,10:17
MarwanJanewlookat.pdf,404K,2013-09-10,09:51
MatsunakaMstudiesofc.pdf,142K,2011-03-03,10:17
MaxwellJpublicpoli.pdf,532K,2015-06-10,17:51
McIntyreRproposalfo.pdf,173K,2011-03-03,10:17
McKubreMCHabriefhist.pdf,16M,2018-09-20,16:55
McKubreMCHcalorimetr.pdf,1.2M,2011-03-03,10:17
McKubreMCHcalorimetra.pdf,550K,2012-08-29,15:10
McKubreMCHclosingcom.pdf,85K,2011-03-03,10:17
McKubreMCHcoldfusion.pdf,1.5M,2011-03-03,10:17
McKubreMCHcoldfusiona.pdf,4.8M,2011-03-03,10:18
McKubreMCHcoldfusionb.pdf,397K,2014-05-22,14:30
McKubreMCHcoldfusionc.pdf,703K,2014-05-21,15:29
McKubreMCHcoldfusione.pdf,4.0M,2014-11-21,16:33
McKubreMCHdevelopmen.pdf,4.5M,2011-03-03,10:19
McKubreMCHexcesspowe.pdf,1.1M,2011-03-03,10:19
McKubreMCHisothermal.pdf,2.3M,2011-03-03,10:19
McKubreMCHisothermala.pdf,1.1M,2011-03-03,10:19
McKubreMCHmassflowca.pdf,583K,2011-03-03,10:19
McKubreMCHmaterialsi.pdf,672K,2011-03-03,10:19
McKubreMCHprogressto.pdf,189K,2011-03-03,10:19
McKubreMCHreviewofex.pdf,2.2M,2011-03-03,10:20
McKubreMCHtheemergen.pdf,239K,2011-03-03,10:20
McKubreMCHtheimporta.pdf,1.2M,2011-03-03,10:20
McKubreMCHtheneedfor.pdf,446K,2011-03-03,10:20
McKubreMCHthesignifi.pdf,917K,2011-03-03,10:20
McKubreMCHusingresis.pdf,797K,2011-03-03,10:20
McKubreMCHwhathappen.pdf,4.6M,2011-11-29,10:30
MelichMEbacktothef.pdf,161K,2011-03-03,10:20
MelichMEsomelesson.pdf,276K,2011-03-03,10:20
MengoliGanomaloush.pdf,1.9M,2018-03-08,17:29
MengoliGcalorimetr.pdf,1.8M,2019-01-11,15:15
MenloveHOlowbackgro.pdf,476K,2011-03-03,10:20
MenloveHOreproducib.pdf,625K,2011-03-03,10:20
Meulenbergreviewofst.pdf,79K,2015-01-14,17:42
Meulenbergtunnelingb.pdf,320K,2011-03-03,10:20
MilesManomalousea.pdf,1.7M,2017-10-10,16:07
MilesMcalorimetr.pdf,917K,2019-12-13,16:13
MilesMcalorimetrb.pdf,111K,2011-03-03,10:21
MilesMcalorimetrc.pdf,649K,2011-03-03,10:21
MilesMcalorimetrd.pdf,7.0M,2017-09-29,18:33
MilesMcasestudie.pdf,1.1M,2018-02-08,16:53
MilesMcorrelatio.pdf,801K,2011-03-03,10:21
MilesMcorrelatioa.pdf,355K,2011-03-03,10:21
MilesMcriticalan.pdf,231K,2023-02-08,15:55
MilesMdatafromme.pdf,85K,2016-12-09,17:21
MilesMdrmelmiles.pdf,1.1M,2022-11-07,16:50
MilesMelectrochea.pdf,728K,2011-03-03,10:21
MilesMelectrocheb.pdf,205K,2011-03-03,10:21
MilesMelectrochec.pdf,195K,2011-03-03,10:21
MilesMelectrochee.pdf,274K,2019-11-26,10:32
MilesMexcesspowe.pdf,4.1M,2018-06-15,09:59
MilesMfluidizedb.pdf,278K,2011-03-03,10:21
MilesMisoperibol.pdf,889K,2020-08-10,13:21
MilesMnedofinalr.pdf,554K,2011-03-03,10:21
MilesMnewapproac.pdf,1.1M,2011-03-03,10:21
MilesMprecisiona.pdf,2.0M,2012-04-30,18:17
MilesMradiationm.pdf,257K,2011-03-03,10:21
MilesMreportonca.pdf,156K,2011-03-03,10:21
MilesMtheelevati.pdf,216K,2011-03-03,10:21
MilesMthefleisch.pdf,1.3M,2016-12-09,17:12
MilesMtheproduct.pdf,805K,2019-04-24,14:57
MilesMthermalbeh.pdf,220K,2011-03-03,10:22
MileyGHafascinati.pdf,363K,2011-03-03,10:22
MileyGHclusterswi.pdf,820K,2011-03-03,10:22
MileyGHcondensedm.pdf,231K,2011-03-03,10:22
MileyGHfuturepowe.pdf,1.1M,2011-03-03,10:22
MileyGHintensenon.pdf,276K,2011-03-03,10:22
MileyGHintensenona.pdf,2.3M,2011-03-03,10:22
MileyGHlenrreacti.pdf,3.7M,2012-09-04,18:23
MileyGHnucleartra.pdf,3.0M,2011-03-03,10:23
MileyGHonthereact.pdf,259K,2011-03-03,10:23
MileyGHoverviewof.pdf,3.9M,2011-03-03,10:23
MileyGHoverviewofa.pdf,115K,2011-03-03,10:23
MileyGHprogressina.pdf,623K,2011-03-03,10:23
MileyGHreviewoftr.pdf,660K,2011-03-03,10:23
MileyGHsomeperson.pdf,134K,2011-03-03,10:23
MinariTexperiment.pdf,252K,2011-03-03,10:23
MiuraHstudyonfor.pdf,112K,2011-03-03,10:23
MizunoTanalysisof.pdf,1.2M,2011-03-03,10:23
MizunoTanomalouse.pdf,2.3M,2011-03-03,10:24
MizunoTanomalousha.pdf,692K,2014-07-21,15:38
MizunoTanomaloushb.pdf,1.3M,2011-03-03,10:24
MizunoTanomalousia.pdf,339K,2011-03-03,10:24
MizunoTconfirmatia.pdf,222K,2011-03-03,10:24
MizunoTconfirmatib.pdf,388K,2011-03-03,10:24
MizunoTconfirmatic.pdf,668K,2011-03-03,10:24
MizunoTexcessheat.pdf,2.1M,2018-06-11,17:38
MizunoTexcessheata.pdf,1.4M,2019-06-18,10:34
MizunoTexperiment.pdf,371K,2011-03-03,10:24
MizunoTgeneration.pdf,655K,2011-03-03,10:24
MizunoTgenerationa.pdf,1.5M,2023-05-11,15:32
MizunoTheatandrad.pdf,1.0M,2014-07-21,15:38
MizunoThydrogenev.pdf,207K,2011-03-03,10:24
MizunoTincreasede.pdf,1.6M,2019-08-21,15:11
MizunoTincreasedea.pdf,1.6M,2019-09-20,14:33
MizunoTisotopicch.pdf,1.5M,2011-03-03,10:25
MizunoTjyouonkaku.pdf,1.6M,2011-03-03,10:25
MizunoTmethodofco.pdf,1.1M,2014-04-09,16:22
MizunoTneutronemi.pdf,749K,2011-03-03,10:25
MizunoTneutronevoa.pdf,49K,2011-03-03,10:25
MizunoTnucleartra.pdf,96K,2011-03-03,10:25
MizunoTposterform.pdf,587K,2013-11-22,15:48
MizunoTpreprintob.pdf,4.0M,2017-11-10,10:24
MizunoTproduction.pdf,189K,2011-03-03,10:25
MizunoTrelationbe.pdf,259K,2011-03-03,10:25
MizunoTsupplement.pdf,946K,2019-12-27,16:20
MoagarPolaapossiblem.pdf,112K,2011-03-03,10:25
Monterealianovellifb.pdf,157K,2011-03-03,10:25
Monterealilithiumflu.pdf,486K,2011-03-03,10:25
MoonDthenucleov.pdf,300K,2011-03-03,10:25
MorrisonDRreviewofco.pdf,102K,2016-09-28,10:24
MosierBosscharacteri.pdf,1.6M,2011-03-03,10:25
MosierBossinvestigat.pdf,12M,2016-09-13,15:57
MosierBosspddcodepos.pdf,1.0M,2011-03-03,10:26
MosierBossproduction.pdf,531K,2011-03-03,10:26
MosierBossreplytocom.pdf,312K,2011-03-03,10:26
MosierBossthemetalhy.pdf,152K,2011-03-03,10:26
MosierBossthepdnhsys.pdf,461K,2011-03-03,10:26
MosierBossthermaland.pdf,1.4M,2012-06-06,09:49
MosierBossthermalanda.pdf,5.6M,2012-06-06,09:59
MosierBossuseofcrinp.pdf,1.7M,2011-03-03,10:27
MuromtsevVneutrinodi.pdf,167K,2011-03-03,10:27
MurthyTStritiumana.pdf,48K,2011-03-03,10:27
NagelDJchallenges.pdf,617K,2012-09-04,18:13
NagelDJchecklistf.pdf,9.4K,2011-03-03,10:27
NagelDJcommentson.pdf,93K,2015-01-14,17:43
NagelDJenergetics.pdf,384K,2011-03-03,10:27
NagelDJevidenceof.pdf,1.4M,2017-08-14,13:29
NagelDJfusionphys.pdf,397K,2011-03-03,10:27
NagelDJpotentiala.pdf,507K,2012-06-06,16:12
NagelDJpowersmate.pdf,393K,2011-03-03,10:27
NagelDJproceeding.pdf,19M,2013-09-27,15:33
NagelDJproceedinga.pdf,11M,2013-09-27,15:37
NagelDJquestionsa.pdf,1.0M,2015-01-14,17:42
NagelDJquestionsaa.pdf,228K,2015-01-14,17:42
NagelDJscientific.pdf,377K,2011-03-03,10:30
NagelDJscientifica.pdf,391K,2013-11-26,14:13
NagelDJscientificb.pdf,2.3M,2015-07-24,17:29
NagelDJthecasefor.pdf,634K,2011-03-03,10:30
NagelDJtheinterse.pdf,4.4M,2015-01-14,17:45
NaritaSgammarayde.pdf,204K,2011-03-03,10:30
NayarMGpreliminar.pdf,309K,2011-03-03,10:30
NCFIinvestigat.pdf,14M,2018-10-22,16:36
NCFIinvestigata.pdf,5.3M,2018-10-22,16:36
NCFIinvestigatb.pdf,6.6M,2018-10-22,16:36
NCFIthefirstan.pdf,78M,2018-11-26,15:22
NEDOthesixthin.pdf,53M,2018-11-29,15:31
NEDOthesixthina.pdf,40M,2018-11-30,15:55
NiedraJMreplicatio.pdf,2.2M,2023-05-15,15:58
NohmiTbasicresea.pdf,559K,2011-03-03,10:30
NoninskiVCnotesontwo.pdf,185K,2012-05-14,16:57
NRELenergyover.pdf,2.3M,2011-03-03,10:31
OgawaHcorrelatio.pdf,90K,2011-03-03,10:31
OhmoriTironformat.pdf,60K,2023-05-11,15:32
OhmoriTtransmutat.pdf,724K,2014-07-21,15:38
OhtaManalysisof.pdf,1.1M,2011-03-03,10:31
OhtaManalysisofa.pdf,233K,2011-03-03,10:31
OkamotoMexcessheata.pdf,446K,2011-03-03,10:31
OlafssonSultradense.pdf,9.0M,2016-04-05,09:51
OrianiRAabriefsurv.pdf,92K,2011-03-03,10:31
OrianiRAaninvestig.pdf,967K,2011-03-03,10:31
OrianiRAanomalousha.pdf,378K,2011-03-03,10:31
OrianiRAcalorimetr.pdf,1.2M,2011-03-03,10:31
OrianiRAdetectiono.pdf,549K,2011-03-03,10:31
OrianiRAenergeticc.pdf,693K,2011-03-03,10:31
OrianiRAenergeticp.pdf,210K,2011-03-03,10:32
OrianiRAgeneration.pdf,76K,2011-03-03,10:32
OrianiRAnuclearrea.pdf,568K,2011-03-03,10:32
OrianiRAreproducib.pdf,2.1M,2011-03-03,10:32
OrianiRAthephysica.pdf,1.4M,2011-03-03,10:32
OrianiRAthephysicaa.pdf,967K,2011-03-03,10:32
OsmanFsupporting.pdf,1.6M,2011-03-03,10:32
OyamaNprobingabs.pdf,12K,2011-03-03,10:32
OyaYmaterialco.pdf,1.3M,2011-03-03,10:32
OyaYtheroleofa.pdf,796K,2011-03-03,10:33
PackhamNJCproduction.pdf,375K,2011-03-03,10:33
PageCcontexttho.pdf,12M,2019-04-24,14:58
PanethFthepublica.pdf,1.2M,2022-02-28,16:36
ParmenterRapossibles.pdf,773K,2023-05-12,10:57
ParmenterRenhancemen.pdf,38K,2023-05-11,15:32
PassellTOpdpdratios.pdf,229K,2011-03-03,10:33
PassellTOpdpdratiosa.pdf,170K,2011-03-03,10:33
PassellTOradiationd.pdf,1.0M,2011-03-03,10:33
PassellTOtraceeleme.pdf,129K,2011-03-03,10:33
PellEagreements.pdf,70K,2015-01-14,17:43
PembertonSquantummec.pdf,886K,2011-03-03,10:33
PetersonCtheguardia.pdf,83K,2013-03-27,14:43
PiantelliSmethodforp.pdf,1.7M,2011-05-09,10:53
PikeRchemicalas.pdf,8.1M,2012-09-04,18:06
PlattCthewired.pdf,73K,2011-03-03,10:33
PlattCwhatifcold.pdf,61K,2011-03-03,10:33
PletcherDdevelopmen.pdf,803K,2022-02-01,15:37
PlotkinHcoldfusion.pdf,7.0K,2011-03-03,10:33
PlotkinHpowertothe.pdf,6.4K,2011-03-03,10:33
PlotkinHthewaragai.pdf,16K,2011-03-03,10:33
PonsSheatafterd.pdf,1.2M,2020-06-30,16:08
PonsSproceeding.pdf,19M,2018-11-26,09:58
PonsSproceedinga.pdf,38M,2018-11-21,15:08
PonsSthecalorim.pdf,424K,2019-01-16,16:38
PonsStheicaruss.pdf,11M,2022-12-14,15:57
PopaSimilLroadmaptof.pdf,19M,2012-09-04,18:20
PopaSimilLthefusiont.pdf,741K,2013-03-13,17:51
PrelasMAneutronemi.pdf,642K,2012-11-06,16:48
Radhakrishtritiumgen.pdf,2.0M,2011-03-03,10:38
RajPsearchforn.pdf,603K,2011-03-03,10:39
RamaraoPgeneration.pdf,943K,2020-09-18,10:07
Reifenschwcoldfusion.pdf,114K,2011-03-03,10:39
Reifenschwreducedrad.pdf,307K,2011-03-03,10:39
Reifenschwsomeexperi.pdf,373K,2011-03-03,10:39
Reifenschwsomeexperia.pdf,1.0M,2014-07-08,16:25
RiceRAcommentsona.pdf,162K,2011-03-03,10:39
RodionovBunusualstr.pdf,588K,2011-03-03,10:39
RolisonDRanomaliesi.pdf,367K,2011-03-03,10:39
RomodanovVtritiumgena.pdf,904K,2011-03-03,10:39
RossiAmethodanda.pdf,971K,2011-03-03,10:39
RossiAmethodandaa.pdf,1.2M,2011-05-09,10:53
RothwellJafusoafrio.pdf,7.5M,2022-06-20,13:21
RothwellJappealtore.pdf,317K,2011-03-03,10:40
RothwellJbookreview.pdf,333K,2020-05-21,14:05
RothwellJbrieftechn.pdf,843K,2011-03-03,10:40
RothwellJbutterside.pdf,787K,2011-03-03,10:40
RothwellJcoldfusion.pdf,255K,2011-03-03,10:40
RothwellJcoldfusiona.pdf,8.0M,2022-06-20,13:34
RothwellJcoldfusionb.pdf,810K,2016-09-14,16:18
RothwellJcomparison.pdf,150K,2011-03-03,10:41
RothwellJhownaturer.pdf,664K,2013-11-26,13:43
RothwellJhowtofixgl.pdf,1.0M,2023-01-11,09:37
RothwellJintroducti.pdf,156K,2011-03-03,10:41
RothwellJlengjubian.pdf,6.7M,2022-06-20,13:21
RothwellJlengjubiana.pdf,6.8M,2022-05-20,13:51
RothwellJlessonsfro.pdf,585K,2014-04-17,10:09
RothwellJlessonsfroa.pdf,861K,2014-05-07,16:51
RothwellJmiraiokizu.pdf,7.5M,2022-06-20,13:21
RothwellJmoreaboutw.pdf,1.2M,2023-01-31,12:31
RothwellJreportonar.pdf,1.5M,2011-03-03,10:41
RothwellJreportonmi.pdf,2.5M,2015-03-20,15:48
RothwellJresponsest.pdf,424K,2019-07-19,10:09
RothwellJreviewofmc.pdf,184K,2011-03-03,10:41
RothwellJreviewofpr.pdf,475K,2011-03-03,10:41
RothwellJreviewofth.pdf,1.4M,2023-06-21,11:42
RothwellJreviewoftha.pdf,1.7M,2020-10-27,16:08
RothwellJreviewofthb.pdf,2.0M,2020-11-05,14:49
RothwellJtallyofcol.pdf,344K,2014-03-10,10:08
RothwellJthefuturem.pdf,130K,2014-05-07,16:48
RothwellJthefuturema.pdf,420K,2014-05-21,17:19
RothwellJthelenrcan.pdf,340K,2011-03-03,10:42
RothwellJthewrightb.pdf,600K,2014-03-06,16:58
RothwellJtransistor.pdf,131K,2011-03-03,10:42
RothwellJtransistora.pdf,261K,2011-03-03,10:42
RouletteTresultsofi.pdf,907K,2017-01-04,10:17
Roussetskiapplicatio.pdf,254K,2011-03-03,10:42
Roussetskicorrectidea.pdf,853K,2011-03-03,10:42
Roussetskicrtrackdet.pdf,356K,2011-03-03,10:42
Roussetskinuclearemi.pdf,310K,2011-03-03,10:42
RoutRKautoradiog.pdf,425K,2011-03-03,10:42
RoutRKcopiouslow.pdf,359K,2011-03-03,10:42
RoutRKdetectiono.pdf,366K,2011-03-03,10:42
RoutRKphenomenon.pdf,233K,2011-03-03,10:42
RoutRKreproducib.pdf,825K,2011-03-03,10:42
RudesillJanintervie.pdf,69K,2011-03-03,10:42
Sankaranarevidencefo.pdf,336K,2011-03-03,10:42
Sankaranarinvestigatb.pdf,178K,2013-01-25,14:40
SantucciAelectrical.pdf,1.3M,2011-03-03,10:43
SantucciAsynthesisa.pdf,2.5M,2023-05-11,15:32
SartoFelectrodes.pdf,218K,2011-03-03,10:44
SartoFtheroleofc.pdf,1.6M,2011-03-03,10:44
SasakiYanomaloush.pdf,972K,2011-03-03,10:44
SasakiYdeuteriumg.pdf,1.0M,2011-03-03,10:44
Savvatimovcathodemat.pdf,953K,2011-03-03,10:44
Savvatimovemissionre.pdf,781K,2011-03-03,10:44
Savvatimovinfluenceo.pdf,533K,2011-03-03,10:44
Savvatimovreproducib.pdf,439K,2011-03-03,10:44
Savvatimovresultsofa.pdf,2.3M,2011-03-03,10:45
Scaramuzzigasloading.pdf,559K,2011-03-03,10:45
Scaramuzzilowtempera.pdf,766K,2011-03-03,10:45
Scaramuzzitenyearsof.pdf,200K,2011-03-03,10:45
SchreiberMrecentexpe.pdf,513K,2018-09-26,10:43
SchreiberMrecentmeas.pdf,513K,2011-03-03,10:45
SchwingerJcoldfusion.pdf,82K,2022-02-01,15:27
SchwingerJcoldfusiona.pdf,99K,2011-03-03,10:45
SchwingerJcoldfusionb.pdf,158K,2011-03-03,10:45
SchwingerJnuclearene.pdf,277K,2011-03-03,10:45
ScottCDtheinitiat.pdf,318K,2011-03-03,10:45
ShamooAEeditorial.pdf,78K,2011-03-03,10:46
ShanahanKacritiqueo.pdf,167K,2012-03-05,15:08
ShanahanKapossiblec.pdf,147K,2011-03-03,10:46
ShouldersKabookbyken.pdf,1.0M,2022-01-19,14:50
Shrikhandedeuteratio.pdf,68K,2011-03-03,10:46
ShyamAobservatio.pdf,1.0M,2021-03-30,16:01
SIFthescience.pdf,35M,2018-11-19,13:55
SinghMverificati.pdf,884K,2023-05-11,15:32
SinhaKPamodelfore.pdf,176K,2011-03-03,10:46
SmithAanomalouse.pdf,2.6M,2022-08-29,13:40
SmithAthelecdevi.pdf,668K,2022-10-14,15:28
SmithPJelectrolyt.pdf,19M,2021-08-17,11:49
SpalloneAanoverview.pdf,436K,2011-03-03,10:46
SpalloneAexperiment.pdf,590K,2011-03-03,10:46
SpalloneAmeasuremen.pdf,142K,2011-03-03,10:46
SpalloneAnewelectro.pdf,1.0M,2020-04-30,15:49
Srinivasanhotspotsch.pdf,1.5M,2011-03-03,10:46
Srinivasaniccfthinte.pdf,1.2M,2011-03-03,10:46
Srinivasanlowenergyn.pdf,3.0M,2012-01-27,18:18
Srinivasanmeetingrep.pdf,35K,2011-03-03,10:46
Srinivasannuclearfus.pdf,1.0M,2011-03-03,10:46
Srinivasanobservatio.pdf,861K,2011-03-03,10:47
Srinivasanstatistica.pdf,343K,2011-03-03,10:47
Srinivasantransmutat.pdf,284K,2012-08-29,15:12
Srivastavaaprimerfor.pdf,154K,2011-07-01,15:16
StakerMRamodelands.pdf,2.4M,2020-07-22,10:12
StakerMRestimating.pdf,3.1M,2020-07-22,10:12
StakerMRhowtoachie.pdf,2.3M,2022-11-10,12:45
StakerMRpreprintco.pdf,5.0M,2019-09-03,16:51
StakerMRtheroleofs.pdf,1.7M,2023-01-23,14:49
StormsEacriticale.pdf,252K,2011-03-03,10:47
StormsEanapproach.pdf,456K,2012-09-04,18:21
StormsEanewmethod.pdf,79K,2011-03-03,10:47
StormsEanewsource.pdf,1.0M,2017-05-26,15:31
StormsEanewunders.pdf,6.2M,2023-06-05,13:53
StormsEanexplanat.pdf,180K,2012-06-18,16:57
StormsEanexplanata.pdf,359K,2012-10-15,16:27
StormsEanomaloush.pdf,33K,2011-03-03,10:47
StormsEanomalousha.pdf,362K,2011-03-03,10:47
StormsEaresponset.pdf,108K,2011-03-03,10:47
StormsEastudentsg.pdf,345K,2012-04-23,10:25
StormsEastudentsga.pdf,1.0M,2015-07-15,15:17
StormsEastudyofel.pdf,431K,2011-03-03,10:47
StormsEastudyofth.pdf,100K,2011-03-03,10:47
StormsEcalorimetr.pdf,435K,2011-03-03,10:47
StormsEcoldfusionc.pdf,2.5M,2023-05-14,08:52
StormsEcoldfusiond.pdf,645K,2011-03-03,10:47
StormsEcoldfusione.pdf,32K,2011-03-03,10:47
StormsEcoldfusionf.pdf,1.7M,2015-01-15,10:13
StormsEcoldfusiong.pdf,3.9M,2020-09-12,17:27
StormsEcoldfusionh.pdf,1.0M,2023-04-11,17:12
StormsEcommentonp.pdf,121K,2011-03-03,10:47
StormsEdescriptio.pdf,121K,2011-03-03,10:47
StormsEdescriptioa.pdf,315K,2011-03-03,10:47
StormsEdetectiono.pdf,2.3M,2011-03-03,10:47
StormsEdocumentat.pdf,2.9M,2022-11-12,16:08
StormsEelectrolyt.pdf,89K,2011-03-03,10:47
StormsEestudiodel.pdf,1.0M,2011-03-03,10:48
StormsEestudodafu.pdf,607K,2011-03-03,10:48
StormsEexaminatio.pdf,5.5M,2011-03-03,10:48
StormsEexcesspowe.pdf,71K,2011-03-03,10:48
StormsEexplaining.pdf,168K,2014-03-18,16:37
StormsEformationo.pdf,93K,2011-03-03,10:48
StormsEfusoafriop.pdf,33K,2011-03-03,10:48
StormsEhowtocausea.pdf,6.7M,2011-03-03,10:49
StormsEhowtomakea.pdf,159K,2011-03-03,10:49
StormsEhowtoprodu.pdf,40K,2011-03-03,10:49
StormsEmeasuremena.pdf,1.2M,2011-03-03,10:49
StormsEmylifewith.pdf,148K,2011-03-03,10:49
StormsEnatureofen.pdf,7.2M,2012-10-23,14:24
StormsEradiationp.pdf,608K,2011-03-03,10:49
StormsEradiationpa.pdf,2.1M,2011-03-03,10:50
StormsErelationsh.pdf,67K,2011-03-03,10:50
StormsErelationsha.pdf,328K,2019-08-13,16:06
StormsEresponseto.pdf,97K,2015-01-14,17:42
StormsEreviewofex.pdf,1.4M,2023-05-11,15:33
StormsEroleofclus.pdf,311K,2011-03-03,10:50
StormsEsomecharac.pdf,29K,2011-03-03,10:50
StormsEsomethough.pdf,66K,2011-03-03,10:50
StormsEstatusofcoa.pdf,1.6M,2011-03-03,10:50
StormsEtheeffecto.pdf,94K,2011-03-03,10:50
StormsEtheenthalp.pdf,11M,2018-06-12,09:58
StormsEthemateria.pdf,387K,2023-04-11,17:12
StormsEthemethoda.pdf,3.1M,2011-03-03,10:50
StormsEthenatureo.pdf,128K,2012-06-11,10:07
StormsEthenatureoa.pdf,24K,2012-06-11,10:07
StormsEthenatureob.pdf,5.5M,2022-03-14,10:32
StormsEthenatureoc.pdf,1.2M,2022-09-30,15:41
StormsEthepresenta.pdf,434K,2022-11-23,15:58
StormsEthescience.pdf,440K,2020-08-10,13:21
StormsEtheusgover.pdf,20K,2011-03-03,10:50
StormsEuseofavery.pdf,468K,2011-03-03,10:50
StormsEwaystoinit.pdf,197K,2011-03-03,10:50
StormsEwhatcondit.pdf,158K,2011-03-03,10:50
StormsEwhatisbeli.pdf,13K,2011-03-03,10:51
StormsEwhatisnowk.pdf,35K,2011-03-23,14:53
StormsEwhycoldfus.pdf,58K,2011-03-03,10:51
StormsEwhyibeliev.pdf,691K,2011-03-03,10:51
StringhamRcavitationb.pdf,493K,2011-03-03,10:51
StringhamRejectasite.pdf,257K,2011-03-03,10:51
StringhamRlowmassmhz.pdf,156K,2011-03-03,10:51
StringhamRmhzsonofus.pdf,300K,2011-03-03,10:51
StringhamRpinchedcav.pdf,95K,2011-03-03,10:51
StringhamRwhenbubble.pdf,2.0M,2011-03-03,10:51
Sundaresananomalousr.pdf,894K,2023-05-11,15:33
Szklarczykonthediele.pdf,1.1M,2018-10-18,11:40
SzpakSabsorption.pdf,181K,2011-03-03,10:51
SzpakSanomalousb.pdf,2.4M,2011-03-03,10:51
SzpakScalorimetr.pdf,111K,2011-03-03,10:51
SzpakScalorimetra.pdf,185K,2012-04-30,18:15
SzpakSchargingof.pdf,227K,2011-03-03,10:51
SzpakSchemicalas.pdf,4.4M,2020-07-12,15:40
SzpakScommentson.pdf,50K,2011-03-03,10:51
SzpakScommentsona.pdf,165K,2011-03-03,10:52
SzpakScyclicvolt.pdf,104K,2011-03-03,10:52
SzpakSdeuteriumu.pdf,108K,2011-03-03,10:52
SzpakSelectroche.pdf,223K,2011-03-03,10:52
SzpakSevidenceof.pdf,302K,2011-03-03,10:52
SzpakSexperiment.pdf,7.5M,2011-03-03,10:52
SzpakSfurtherevi.pdf,4.6K,2011-03-03,10:52
SzpakSlenrresear.pdf,256K,2011-03-03,10:53
SzpakSnuclearand.pdf,1.3M,2011-03-03,10:53
SzpakSonthebehav.pdf,179K,2011-03-03,10:53
SzpakSonthebehava.pdf,922K,2018-02-07,16:45
SzpakSonthebehavb.pdf,1.4M,2018-02-07,16:45
SzpakSonthebehavc.pdf,814K,2018-02-07,16:45
SzpakSontherelea.pdf,585K,2018-02-08,10:02
SzpakSpolarizedd.pdf,562K,2011-03-03,10:53
SzpakSpolarizedda.pdf,416K,2011-03-03,10:53
SzpakSprecursors.pdf,541K,2012-04-30,18:15
SzpakSprecursorsa.pdf,1.5M,2011-03-03,10:54
SzpakSreliablepr.pdf,547K,2011-03-03,10:54
SzpakSspawarsyst.pdf,62K,2011-03-03,10:54
SzpakStheeffecto.pdf,963K,2012-04-30,18:16
SzpakSthermalbeh.pdf,173K,2012-04-30,18:16
TakahashiAanomalouse.pdf,943K,2011-03-03,10:54
TakahashiAanomaloush.pdf,4.6M,2011-03-03,10:54
TakahashiAatheoretic.pdf,667K,2011-03-03,10:55
TakahashiAcondensedm.pdf,3.1M,2011-03-03,10:55
TakahashiAdeuteriumg.pdf,899K,2011-03-03,10:55
TakahashiAdeuteronst.pdf,801K,2011-03-03,10:55
TakahashiAdynamicmec.pdf,170K,2011-03-03,10:55
TakahashiAdynamicmeca.pdf,1.4M,2011-03-03,10:55
TakahashiAexcessheat.pdf,576K,2011-03-03,10:55
TakahashiAheheproduc.pdf,228K,2011-03-03,10:55
TakahashiAjyouonkakua.pdf,6.4M,2012-03-05,15:05
TakahashiAmechanismo.pdf,541K,2011-03-03,10:55
TakahashiAphenomenol.pdf,3.7M,2011-04-19,15:06
TakahashiAproductiona.pdf,347K,2011-03-03,10:55
TakahashiAstudiesond.pdf,409K,2011-03-03,10:56
TakahashiAstudiesonda.pdf,874K,2011-03-03,10:56
TakahashiAtetrahedra.pdf,145K,2011-03-03,10:56
TakahashiAtheoretica.pdf,802K,2011-03-03,10:56
TanakaTapossiblee.pdf,170K,2011-03-03,10:56
TaniguchiRdetectiono.pdf,12K,2011-03-03,10:56
TanzellaFLadvancedis.pdf,12M,2019-04-24,14:58
TanzellaFLcmnsresear.pdf,3.2M,2012-09-04,18:24
TanzellaFLparameters.pdf,629K,2011-03-03,10:56
TanzellaFLtriggerede.pdf,756K,2012-05-03,09:22
TianJanomaloush.pdf,134K,2011-03-03,10:57
TianJexcessheat.pdf,207K,2011-03-03,10:57
TianJexcessheatb.pdf,218K,2011-03-03,10:57
TianJheatmeasur.pdf,203K,2011-03-03,10:57
TinsleyCanintervie.pdf,119K,2013-03-25,09:52
ToimelaTeffectivei.pdf,124K,2011-03-03,10:57
ToimelaTmultiplere.pdf,130K,2011-03-03,10:57
ToriyabeYelementala.pdf,1.5M,2011-03-03,10:58
TripodiPtheeffecto.pdf,873K,2013-01-28,10:17
TripodiPtheeffectoa.pdf,1.1M,2013-01-28,10:17
TsuchiyaKobservatio.pdf,191K,2011-03-03,10:58
TsuchiyaKquantumsta.pdf,262K,2011-03-03,10:58
TsvetkovSAexcessheat.pdf,640K,2011-03-03,10:58
TsvetkovSApossibilit.pdf,152K,2011-03-03,10:58
UchikawaHnewtechniq.pdf,19K,2011-03-03,10:58
vandeVateJonderzoeki.pdf,6.4M,2014-07-08,10:57
vandeVateJtheinterna.pdf,4.0M,2014-07-08,10:55
VillaMonthegamma.pdf,387K,2011-03-03,10:58
ViolanteVanalysisof.pdf,701K,2011-03-03,10:58
ViolanteVevolutiona.pdf,2.6M,2011-03-03,10:58
ViolanteVexcesspowe.pdf,2.9M,2017-05-11,16:21
ViolanteVjointscien.pdf,747K,2011-03-03,10:58
ViolanteVmaterialsc.pdf,1.5M,2011-03-03,10:58
ViolanteVmetallurgi.pdf,89K,2011-03-03,10:58
ViolanteVproceeding.pdf,18M,2012-05-03,10:24
ViolanteVproceedinga.pdf,7.1M,2012-05-03,10:26
ViolanteVprogressina.pdf,1.6M,2011-03-03,10:59
ViolanteVrfdetectio.pdf,6.0M,2016-03-09,18:02
ViolanteVsearchforn.pdf,593K,2011-03-03,10:59
ViolanteVstudyoflat.pdf,523K,2011-03-03,10:59
ViolanteVxrayemissi.pdf,214K,2011-03-03,10:59
VysotskiiVsuccessful.pdf,193K,2011-03-03,10:59
VysotskiiVtheproblem.pdf,220K,2015-01-14,17:43
VysotskiiVthespatial.pdf,184K,2011-03-03,10:59
VysotskiiVthetheorya.pdf,200K,2011-03-03,10:59
WadaNnuclearfus.pdf,12K,2011-03-03,10:59
WallaceJPeinsteinwa.pdf,1.7M,2019-04-24,14:57
WallaceKatributeto.pdf,119K,2011-03-03,10:59
WangDexperiment.pdf,335K,2011-03-03,10:59
WangQeffectofan.pdf,182K,2011-03-03,10:59
WarnerJelectrolys.pdf,34K,2011-03-03,10:59
WarnerJsemandedsc.pdf,290K,2011-03-03,10:59
Weinbergerwarmingupt.pdf,102K,2011-03-03,10:59
WeiQdeuteriumh.pdf,744K,2011-03-03,10:59
WeiQexcessheat.pdf,120K,2011-03-03,10:59
WellsDPlowenergyn.pdf,943K,2022-08-23,13:15
WhiteCTddhhintera.pdf,12K,2011-03-03,10:59
WickendenDsomeinvest.pdf,2.2M,2014-07-08,10:58
WillFGgroupsrepo.pdf,48K,2017-03-14,17:48
WillFGreproducib.pdf,864K,2019-08-20,14:07
WillFGstudiesofe.pdf,516K,2011-03-03,10:59
WillFGtritiumgen.pdf,322K,2011-03-03,10:59
YamadaHanalysisby.pdf,391K,2011-03-03,10:59
YamadaHtritiumpro.pdf,1.0M,2011-03-03,10:59
YamaguchiEcoldfusion.pdf,325K,2011-03-03,11:00
YamaguchiTinvestigat.pdf,178K,2011-03-03,11:00
YoshinoHreplicable.pdf,4.8M,2014-03-27,17:56
YukiHanomalouse.pdf,81K,2011-03-03,11:00
YukiHddreaction.pdf,89K,2011-03-03,11:00
YukiHmeasuremen.pdf,353K,2011-03-03,11:00
ZawodnyJmethodforp.pdf,608K,2011-11-21,16:10
ZhangHreproducti.pdf,4.6M,2019-08-22,12:21
ZhangHsummaryofa.pdf,266K,2020-10-06,15:47
ZhangHtestofabno.pdf,832K,2016-03-29,14:13
ZhangHtestofabnoa.pdf,1.5M,2016-03-29,14:21
ZhangWSanumerical.pdf,209K,2011-03-03,11:00
ZhangWScharacteri.pdf,267K,2012-10-15,15:56
ZhangWScharacteria.pdf,1.3M,2012-10-15,15:55
ZhangWSconstructi.pdf,253K,2011-03-03,11:00
ZhangWSconstructia.pdf,580K,2012-10-15,15:56
ZhangWSeffectsofe.pdf,112K,2011-03-03,11:00
ZhangWSeffectsofh.pdf,218K,2011-03-03,11:00
ZhangWSeffectsofr.pdf,353K,2011-03-03,11:00
ZhangWSeffectsofs.pdf,164K,2011-03-03,11:00
ZhangWSeffectsofsa.pdf,90K,2011-03-03,11:00
ZhangWSeffectsofsb.pdf,501K,2011-03-03,11:00
ZhangWSeffectsoft.pdf,68K,2011-03-03,11:00
ZhangWSeffectsofta.pdf,68K,2011-03-03,11:00
ZhangWSelectroche.pdf,45K,2011-03-03,11:00
ZhangWSexcessheat.pdf,759K,2011-03-03,11:00
ZhangWSexperiment.pdf,760K,2023-05-12,09:26
ZhangWSnumericals.pdf,162K,2011-03-03,11:00
ZhangWSnumericalsa.pdf,272K,2011-03-03,11:00
ZhangWSparadigmof.pdf,441K,2012-10-15,15:56
ZhangWSprimarycal.pdf,496K,2011-03-03,11:00
ZhangWSresistance.pdf,185K,2011-03-03,11:00
ZhangWSseebeckenv.pdf,411K,2011-03-03,11:00
ZhangWSsomeproble.pdf,441K,2011-03-03,11:01
ZhangWSsteadyconc.pdf,81K,2011-03-03,11:01
ZhangWSthemaximum.pdf,233K,2011-03-03,11:01
ZhangWSvoltammogr.pdf,127K,2011-03-03,11:01
ZhangXontheexplo.pdf,205K,2011-03-03,11:01
ZhangZLfurtherstu.pdf,121K,2011-03-03,11:01
ZhangZLmeasuremen.pdf,350K,2011-03-03,11:01
ZhangZLpossibilit.pdf,88K,2011-03-03,11:01
ZhangZQarethereso.pdf,61K,2011-03-03,11:01
ZhaoHexcessheat.pdf,5.4M,2023-06-22,14:10
ZhouXbethescalc.pdf,108K,2011-03-03,11:01
